time,cpu_usage_pct,ram_usage_pct,network_in,network_out,block:block_bio_backmerge,block:block_bio_remap,block:block_dirty_buffer,block:block_getrq,block:block_touch_buffer,block:block_unplug,clk:clk_set_rate,cpu-migrations,cs,fib:fib_table_lookup,filemap:mm_filemap_add_to_page_cache,gpio:gpio_value,ipi:ipi_raise,irq:irq_handler_entry,irq:softirq_entry,jbd2:jbd2_handle_start,jbd2:jbd2_start_commit,kmem:kfree,kmem:kmalloc,kmem:kmem_cache_alloc,kmem:kmem_cache_free,kmem:mm_page_alloc,kmem:mm_page_alloc_zone_locked,kmem:mm_page_free,kmem:mm_page_pcpu_drain,mmc:mmc_request_start,net:net_dev_queue,net:net_dev_xmit,net:netif_rx,page-faults,pagemap:mm_lru_insertion,preemptirq:irq_enable,qdisc:qdisc_dequeue,random:get_random_bytes,random:mix_pool_bytes_nolock,random:urandom_read,raw_syscalls:sys_enter,raw_syscalls:sys_exit,rpm:rpm_resume,rpm:rpm_suspend,sched:sched_process_exec,sched:sched_process_free,sched:sched_process_wait,sched:sched_switch,sched:sched_wakeup,signal:signal_deliver,signal:signal_generate,skb:consume_skb,skb:kfree_skb,skb:skb_copy_datagram_iovec,sock:inet_sock_set_state,task:task_newtask,tcp:tcp_destroy_sock,tcp:tcp_probe,timer:hrtimer_start,timer:timer_start,workqueue:workqueue_activate_work,writeback:global_dirty_state,writeback:sb_clear_inode_writeback,writeback:wbc_writepage,writeback:writeback_dirty_inode,writeback:writeback_dirty_inode_enqueue,writeback:writeback_dirty_page,writeback:writeback_mark_inode_dirty,writeback:writeback_pages_written,writeback:writeback_single_inode,writeback:writeback_write_inode,writeback:writeback_written
14:18:38,25.7,0.810831,0.81,0.33,0,0,0,0,0,0,4,9,300858,15,0,4,361,120967,765,0,0,308,254,428,787,44,2,161,124,2,8,8,1,18,6,967265,19,0,2,3,181217,181208,4,4,0,6,3,300355,180192,3,3,36,14,10,0,0,0,7,371043,126,42,0,0,0,1,0,0,1,0,0,0,0
14:18:48,25.7,0.810894,0.63,0.32,0,2,0,2,0,1,3,28,281525,7,0,12,367,106829,809,0,0,709,522,3142,3874,896,350,1042,403,6,10,10,1,1665,697,896627,23,7,2,47,179659,179638,6,7,7,8,16,281239,175147,7,10,44,12,24,0,8,0,7,344699,129,37,3,4,6,19,0,0,19,1,3,2,3
14:18:57,25.7,0.810918,0.60,0.23,0,0,0,0,0,0,3,15,294637,7,0,4,362,115230,778,0,0,732,562,3196,3676,906,350,938,310,2,8,8,1,1662,696,947583,19,7,2,48,184569,184555,4,4,7,8,16,294371,179889,7,10,36,16,20,0,8,0,7,356909,125,40,0,0,0,17,0,0,17,0,0,0,0
14:19:07,25.7,0.810968,0.87,5.30,0,0,0,0,0,0,3,19,296035,7,0,4,537,117254,840,0,0,1369,780,3377,3603,907,359,936,248,26,6,6,1,1612,685,957172,15,7,2,48,186298,186270,18,4,7,9,16,295375,179246,10,13,215,17,245,0,10,0,5,349426,163,57,0,0,0,15,0,0,15,0,0,0,0
14:19:17,25.7,0.810876,0.81,0.23,0,0,0,0,0,0,4,8,295645,10,0,4,359,116679,772,0,0,688,519,3109,3279,888,350,930,310,2,5,5,1,1632,689,953197,13,7,2,47,183778,183761,4,4,7,8,16,295247,179316,7,10,31,12,18,0,8,0,4,342755,135,40,0,0,0,19,0,0,19,0,0,0,0
14:19:27,25.7,0.810901,0.60,0.23,0,1,0,1,0,1,2,16,297392,20,0,8,356,117592,816,0,0,708,540,3196,3416,904,290,923,279,4,8,8,1,1628,683,959818,19,7,2,48,184697,184681,6,6,7,8,16,296984,180157,7,10,46,15,18,0,8,0,5,345063,141,44,3,6,5,22,0,0,22,1,3,2,3
14:19:37,25.7,0.810785,0.49,0.23,0,1,0,1,0,1,3,33,291498,6,0,8,345,113133,779,0,0,675,513,3107,3598,886,319,970,341,4,10,10,1,1664,699,934878,23,7,2,47,183435,183402,6,6,7,8,16,291384,178960,7,10,35,12,18,0,8,0,7,352518,140,45,3,6,5,17,0,0,17,1,3,2,3
14:19:47,25.7,0.810893,0.60,0.27,0,0,0,0,0,0,2,9,296949,7,0,4,354,117451,752,0,0,708,540,3162,3376,907,382,936,341,2,6,6,1,1634,691,958286,15,7,2,48,184440,184422,4,5,7,8,16,296574,179878,7,10,29,15,18,0,8,0,5,356719,131,42,0,0,0,19,0,0,19,0,0,0,0
14:19:56,25.7,0.810948,0.64,5.30,0,0,0,0,0,0,4,16,291701,7,0,4,357,116421,827,0,0,785,616,3277,3503,900,319,936,310,2,11,11,1,1618,682,944926,25,7,2,47,180465,180446,4,5,7,8,16,291242,175682,7,10,36,18,18,0,8,0,7,351376,138,39,0,0,0,23,0,0,23,0,0,0,0
14:20:06,25.7,0.81087,0.49,0.23,0,0,0,0,0,0,4,8,292640,8,0,4,344,117253,606,0,0,793,639,3336,3284,913,412,853,279,2,6,6,1,1630,683,948895,15,7,2,48,180627,180611,4,5,7,2,16,292285,175734,7,10,33,23,21,0,8,0,5,368579,122,37,0,0,0,20,0,0,20,0,0,0,0
14:20:15,25.7,0.810787,2.77,0.23,6,8,6,2,0,1,4,5,301133,8,2,12,327,121131,618,0,1,319,286,518,721,58,33,81,31,6,5,5,1,36,6,968369,13,0,2,2,181449,181439,8,9,0,0,3,300750,180318,3,3,23,17,9,0,0,0,4,378171,117,42,0,0,0,1,1,6,7,0,0,0,0
14:20:25,25.7,0.810874,0.54,0.23,0,0,0,0,0,0,4,10,300932,6,0,4,342,121130,617,0,0,320,287,517,714,60,2,80,31,2,10,10,1,40,6,967946,23,0,2,2,181350,181341,4,5,0,0,3,300575,180196,3,3,31,17,11,0,0,0,7,379367,126,39,0,0,0,1,0,0,1,0,0,0,0
14:20:35,25.7,0.812332,0.61,0.65,0,1,0,1,0,1,4,3,301113,8,0,8,334,121143,643,0,0,319,286,506,693,56,1,85,0,4,5,5,1,37,7,968388,13,0,2,2,181498,181489,6,7,0,0,3,300759,180367,3,3,23,17,9,0,0,0,4,380479,124,42,3,6,5,1,0,0,1,1,3,2,3
14:20:44,25.7,0.810768,0.63,0.23,0,1,0,1,0,1,4,8,298564,8,0,8,358,119183,624,0,0,225,199,338,782,47,1,119,31,4,5,5,1,72,20,957544,13,0,2,2,180816,180785,6,7,0,0,3,298426,179922,3,3,23,10,9,0,0,0,4,383617,115,41,3,6,5,1,0,0,1,1,3,2,3
14:20:54,25.7,0.810817,0.79,0.71,0,0,0,0,0,0,4,4,301190,7,0,4,332,121233,632,0,0,226,201,349,561,42,1,68,31,2,10,10,1,32,6,968342,23,0,2,2,181207,181198,4,4,0,0,3,300850,180379,3,3,30,10,8,0,0,0,7,389439,124,37,0,0,0,1,0,0,1,0,0,0,0
14:21:04,25.7,0.811019,6.18,4.22,0,0,0,0,0,0,4,10,301074,9,0,4,321,121197,602,0,0,229,201,332,640,40,0,106,62,2,6,6,1,38,6,968218,15,0,2,2,181042,181033,4,4,0,0,3,300742,180228,3,3,22,10,6,0,0,0,4,381424,114,36,0,0,0,1,0,0,1,0,0,0,0
14:21:13,25.7,0.810911,2.98,5.36,0,1,0,1,0,1,5,8,299071,7,0,8,455,120459,669,0,0,753,403,548,1135,60,9,136,0,13,5,5,1,68,29,964274,13,1,2,2,182072,182066,11,6,0,0,3,298912,179261,4,4,173,11,193,0,1,0,4,366962,148,52,3,6,5,2,0,0,2,1,3,2,3
14:21:23,25.7,0.810835,0.43,0.32,0,0,0,0,0,0,4,8,300492,76,0,4,326,120851,676,0,0,254,213,754,1635,148,71,1923,1767,2,9,9,3,414,85,967829,17,2,2,2,181017,181007,4,4,2,2,5,299996,179840,4,5,93,10,8,0,2,0,8,364984,129,39,0,0,0,4,0,0,4,0,0,0,0
14:21:33,25.7,0.810829,0.60,0.23,0,0,0,0,0,0,4,13,300812,9,0,4,351,120940,665,0,0,218,201,299,483,30,1,65,31,2,7,7,1,26,6,967017,17,0,2,2,181137,181132,4,4,0,0,3,300552,180329,3,3,25,10,6,0,0,0,4,378696,116,36,0,0,0,1,0,0,1,0,0,0,0
14:21:43,25.7,0.810749,0.70,5.30,0,0,0,0,0,0,3,31,294469,6,0,4,371,114890,912,0,0,1106,1047,4234,4450,2322,1714,2346,1643,2,17,17,5,1765,533,957028,29,6,2,2,185877,185861,4,4,6,8,16,294247,180151,8,10,43,11,19,0,8,0,14,350151,144,40,0,0,0,8,0,0,8,0,0,0,0
14:21:52,25.7,0.810892,0.54,0.23,0,1,0,1,0,1,4,22,297731,16,0,8,349,118456,746,0,0,551,509,2434,2625,457,38,472,0,4,5,5,1,938,262,960318,13,4,2,2,182781,182765,6,6,4,5,12,297553,179752,7,8,29,11,7,0,5,0,4,367464,125,40,3,6,5,5,0,0,5,1,3,2,3
14:22:02,25.7,0.810912,0.54,0.23,0,1,0,1,0,1,2,19,289823,8,0,8,340,111197,790,0,0,1092,1038,4271,4780,4395,3761,2465,1829,4,13,13,5,1961,2623,933884,21,6,2,3,184995,184969,6,6,6,10,16,289673,179088,8,10,29,11,11,0,9,0,11,332377,139,43,3,6,5,11,0,0,11,1,3,2,3
14:22:11,25.7,0.810789,0.60,0.23,0,1,0,1,0,1,4,17,292002,7,0,6,324,113631,682,0,0,555,513,2437,2660,467,99,481,31,3,12,12,1,931,257,933855,27,4,1,2,181756,181739,4,4,4,5,12,291621,178736,7,8,34,11,10,0,5,0,9,359331,136,38,3,6,5,5,0,0,5,1,3,2,3
14:22:21,25.7,0.810738,0.66,0.23,0,0,0,0,0,0,4,19,294545,42,0,4,349,116242,742,0,0,1052,1017,3928,3449,2039,1528,482,0,2,8,8,3,1158,315,952826,15,4,2,2,183884,183854,4,4,4,6,14,294109,178652,7,8,57,12,9,0,6,0,7,355750,129,36,0,0,0,5,0,0,5,0,0,0,0
14:22:31,25.7,0.810761,1.05,5.34,0,0,0,0,0,0,4,13,299864,8,0,4,331,120140,597,0,0,249,196,331,1113,49,32,277,93,2,5,5,1,66,23,963743,13,0,2,2,181068,181052,4,4,0,4,3,299712,180151,3,3,20,10,6,0,0,0,4,384472,117,39,0,0,0,1,0,0,1,0,0,0,0
14:22:41,25.7,0.810803,0.54,0.23,0,2,0,1,5,1,6,2,300151,9,0,8,338,120820,652,2,0,244,217,351,559,43,1,70,31,4,5,5,1,30,6,964877,13,0,2,2,180496,180486,6,6,0,0,3,299710,179647,3,3,21,11,7,0,0,0,4,370803,127,43,3,6,5,2,0,0,2,1,3,2,3
14:22:51,25.7,0.810775,0.77,0.49,0,0,0,0,0,0,4,12,301002,12,0,4,344,120863,678,0,0,236,204,346,833,47,2,128,31,2,5,5,1,67,19,967895,13,0,2,2,181624,181605,4,5,0,1,3,300908,180725,3,3,30,11,9,0,0,0,4,376339,128,40,0,0,0,1,0,0,1,0,0,0,0
14:23:00,25.7,0.810806,0.81,5.30,0,0,0,0,0,0,4,7,301439,7,0,4,353,121393,678,0,0,226,201,349,553,40,1,66,0,2,10,10,1,31,6,969348,23,0,2,2,181279,181270,4,5,0,0,3,301068,180438,3,3,29,10,8,0,0,0,7,374558,132,38,0,0,0,1,0,0,1,0,0,0,0
14:23:10,25.7,0.810765,0.60,0.23,0,0,0,0,0,0,4,9,300648,8,0,4,336,121253,677,0,0,231,202,320,526,38,1,71,0,2,5,5,1,39,6,967405,13,0,2,2,180602,180592,4,4,0,1,3,300262,179786,3,3,22,10,6,0,0,0,4,378509,119,38,0,0,0,2,0,0,2,0,0,0,0
14:23:19,25.7,0.810868,0.54,0.23,0,1,0,1,0,1,4,4,299591,8,0,8,410,120683,640,0,0,745,435,616,808,61,9,85,31,13,9,9,1,35,14,964834,21,0,2,3,181923,181912,11,6,0,0,3,299243,179439,3,3,169,15,177,0,1,0,7,382410,135,50,3,6,5,2,0,0,2,1,3,2,3
14:23:29,25.7,0.810823,0.72,0.23,0,1,0,1,0,1,4,7,299708,7,0,8,338,119899,636,0,0,243,209,359,854,50,1,135,31,4,10,10,1,68,20,962366,23,0,2,2,181254,181235,6,6,0,2,3,299571,180314,3,3,35,11,11,0,0,0,7,378924,134,44,3,6,5,1,0,0,1,1,3,2,3
14:23:39,25.7,0.810766,0.64,0.33,0,0,0,0,0,0,4,6,301143,13,0,2,338,121245,680,0,0,283,250,449,686,50,1,77,0,1,8,8,1,39,6,968594,19,0,1,3,181302,181292,2,2,0,0,3,300771,180286,3,3,34,14,10,0,0,0,7,379522,123,38,0,0,0,1,0,0,1,0,0,0,0
14:23:48,25.7,0.810699,0.54,0.23,0,0,0,0,0,0,5,8,299686,10,0,4,347,120332,691,0,0,245,202,335,1054,49,32,228,93,2,5,5,1,66,20,963965,13,0,2,2,180720,180697,4,4,0,9,3,299551,179840,3,3,22,10,6,0,0,0,4,371031,125,41,1,0,0,0,0,0,0,1,0,0,1
14:23:58,25.7,0.810726,0.49,0.23,0,1,0,1,0,1,4,19,294347,6,0,8,346,115640,734,0,0,663,517,2132,2802,555,347,764,310,4,13,13,1,973,421,944799,29,4,2,37,182189,182175,6,6,4,7,10,294189,179235,6,9,38,14,12,0,5,0,10,364046,135,45,3,6,5,20,0,0,20,1,3,2,3
14:24:07,25.7,0.810875,0.60,0.23,0,0,0,0,0,0,4,22,292239,7,0,4,375,114585,738,0,0,673,511,3087,3603,898,350,970,279,2,5,5,1,1675,695,940493,13,8,2,47,182645,182608,4,4,7,8,16,291980,178123,7,10,26,12,16,0,8,0,4,355516,124,38,0,0,0,19,0,0,19,0,0,0,0
14:24:17,25.7,0.810798,0.75,5.30,0,0,0,0,0,0,5,13,295128,8,0,2,348,116807,755,0,0,692,527,3079,3305,883,319,922,279,1,5,5,1,1610,683,952233,13,7,1,47,183101,183078,2,2,7,8,16,294545,178613,7,10,28,12,18,0,8,0,4,354112,131,41,0,0,0,21,0,0,21,0,0,0,0
14:24:27,25.7,0.810809,0.54,0.23,0,0,0,0,0,0,4,17,295753,9,0,4,351,116687,789,0,0,722,552,3154,3382,894,319,923,372,2,6,6,1,1625,686,953676,15,7,2,48,183950,183934,4,4,7,8,16,295337,179407,7,10,31,15,18,0,8,0,5,345916,140,43,0,0,0,21,0,0,21,0,0,0,0
14:24:37,25.7,0.810851,0.60,0.27,0,1,0,1,0,1,4,5,293571,16,0,8,350,117616,800,0,0,691,511,3107,3494,890,381,986,372,4,5,5,1,1639,684,952470,13,7,2,47,180747,180727,6,6,7,17,16,293231,176373,7,10,35,12,16,0,8,0,4,347022,140,46,3,6,5,15,0,0,15,1,3,2,3
14:24:46,25.7,0.810921,0.54,0.23,0,0,0,0,0,0,4,26,288376,7,0,2,351,110938,743,0,0,814,639,3349,3821,923,319,988,310,1,11,11,1,1673,700,922909,25,7,1,48,182905,182871,2,2,7,8,16,288237,177945,7,10,39,22,20,0,8,0,8,348402,133,39,0,0,0,22,0,0,22,0,0,0,0
14:24:56,25.7,0.810828,0.54,0.23,0,0,0,0,0,0,5,9,270843,8,0,4,366,96934,684,0,0,759,607,3259,3517,913,412,886,341,2,5,5,1,1649,695,845078,13,7,2,47,179111,179096,4,4,7,4,16,270625,174351,7,10,30,19,19,0,8,0,4,326711,134,40,0,0,0,21,0,0,21,0,0,0,0
14:25:06,25.7,0.810847,0.54,0.23,0,1,0,1,0,1,4,13,300776,9,0,8,350,121071,667,0,0,364,325,586,813,61,1,101,31,4,7,7,1,32,14,967919,17,0,2,3,181347,181335,6,6,0,0,3,300372,180068,3,3,29,21,11,0,0,0,5,379814,130,43,3,6,5,2,0,0,2,1,3,2,3
14:25:15,25.7,0.81069,2.07,0.23,0,0,0,0,0,0,4,13,300202,7,0,2,328,120289,601,0,0,324,291,520,976,64,32,136,62,1,10,10,1,68,20,964932,23,0,1,2,181561,181533,2,2,0,0,3,300075,180334,3,3,32,17,11,0,0,0,7,381499,130,39,0,0,0,2,0,0,2,0,0,0,0
14:25:25,25.7,0.810796,0.60,0.23,0,0,0,0,0,0,4,0,299561,7,0,4,359,120532,614,0,0,846,491,705,899,61,9,92,31,11,5,5,1,39,6,964465,13,0,2,2,182094,182083,9,4,0,1,3,299204,179389,5,5,180,18,204,0,2,0,4,382512,142,47,0,0,0,2,0,0,2,0,0,0,0
14:25:34,25.7,0.810716,0.67,0.65,0,0,0,0,0,0,4,10,301070,6,0,4,341,121173,617,0,0,319,283,498,690,55,31,82,62,2,5,5,1,33,6,968305,13,0,2,2,181450,181439,4,4,0,0,3,300699,180306,3,3,21,17,9,0,0,0,4,384655,117,39,0,0,0,2,0,0,2,0,0,0,0
14:25:45,25.7,0.810786,0.49,0.23,0,1,0,1,0,1,5,4,300595,9,0,8,311,120941,625,0,0,237,209,355,493,42,1,68,0,4,11,11,1,31,14,966463,25,0,2,2,180806,180797,6,6,0,0,3,300274,179990,3,3,32,10,8,0,0,0,7,371530,134,39,3,6,5,1,0,0,1,1,3,2,3
14:25:54,25.7,0.810766,0.79,0.71,0,0,0,0,0,0,6,4,299602,7,0,4,343,120655,698,0,0,239,214,338,540,43,2,68,0,2,5,5,1,28,6,963324,13,0,2,2,180233,180224,4,4,0,0,3,299245,179421,3,3,23,10,9,0,1,0,4,379828,120,37,0,0,0,1,0,0,1,0,0,0,0
14:26:05,25.7,0.810818,5.83,1.04,0,0,0,0,0,0,4,2,301195,7,0,4,339,121213,668,0,0,229,204,349,559,41,1,69,0,2,10,10,1,29,6,968320,23,0,2,2,181240,181233,4,4,0,0,3,300842,180396,3,3,29,10,8,0,0,0,7,379800,126,36,0,0,0,1,0,0,1,0,0,0,0
14:26:15,25.7,0.811717,2.43,0.69,0,0,0,0,0,0,4,8,297035,6,0,4,374,117525,737,0,0,286,251,609,911,106,33,269,93,2,29,30,17,186,49,950456,29,1,2,2,181137,181128,4,4,1,1,6,296677,179966,4,4,41,12,24,7,1,2,25,369208,138,39,0,0,0,1,0,0,1,0,0,0,0
14:26:24,25.7,0.810869,0.70,5.30,0,0,0,0,0,0,5,21,299306,38,0,4,376,120044,769,0,0,569,526,2492,2917,462,9,481,31,2,5,5,1,957,270,968368,13,4,2,2,182826,182795,4,4,4,5,12,299056,179747,7,8,55,11,10,0,5,0,4,369714,132,41,0,0,0,7,0,0,7,0,0,0,0
14:26:34,25.7,0.810767,0.66,0.30,0,0,0,0,0,0,4,12,296338,7,0,4,345,117513,740,0,0,557,515,2421,2967,456,67,515,124,2,5,5,1,954,266,954193,13,4,2,2,182415,182389,4,4,4,5,12,296212,179372,7,8,20,11,7,0,5,0,4,364356,126,40,0,0,0,7,0,0,7,0,0,0,0
14:26:43,25.7,0.810819,0.98,0.36,0,0,0,0,0,0,4,22,289772,7,0,4,366,111497,748,0,0,590,536,2777,3855,675,256,2220,1705,2,9,9,3,1666,398,929890,17,6,2,2,182303,182281,4,4,6,7,14,289632,178816,8,10,24,11,9,0,8,0,8,351901,133,39,0,0,0,8,0,0,8,0,0,0,0
14:26:53,25.7,0.810939,0.54,0.23,0,0,0,0,0,0,4,11,300240,14,0,4,366,120938,795,0,0,563,521,2456,2620,457,161,475,93,2,10,10,1,917,270,971868,23,4,2,2,182783,182771,4,5,4,5,12,299887,179772,7,8,38,11,9,0,5,0,7,367963,138,38,1,0,0,5,0,0,5,1,1,1,2
14:27:03,25.7,0.810838,0.54,0.23,0,0,0,0,0,0,2,32,293109,7,0,4,343,114819,825,0,0,1095,1039,4210,4441,2161,1621,2186,1550,2,12,12,5,1749,387,944480,19,6,2,2,184329,184309,4,4,6,10,16,292777,178649,8,10,26,11,11,0,8,0,11,335191,141,43,1,5,5,10,0,0,10,1,1,0,2
14:27:12,25.7,0.810834,0.54,0.23,0,0,0,0,0,0,5,12,290665,7,0,4,351,112055,709,0,0,253,207,338,1090,48,1,257,62,2,6,6,1,67,20,921093,15,0,2,2,180166,180145,4,4,0,10,3,290586,179235,3,3,22,10,8,0,0,0,6,364196,127,39,1,0,0,1,0,0,1,1,0,0,1
14:27:22,25.7,0.810794,0.49,0.23,0,0,0,0,0,0,4,11,285230,74,0,4,362,106788,816,0,0,779,744,2262,2452,1744,1467,1765,1488,2,17,17,5,854,137,907028,29,2,2,2,182412,182401,4,4,2,3,7,284890,178933,4,5,102,10,12,0,3,0,14,345582,154,43,1,0,0,3,0,0,3,1,0,0,1
14:27:32,25.7,0.810764,0.78,0.23,0,1,0,1,0,1,4,6,300307,8,0,8,355,120722,712,0,0,240,208,374,785,49,1,78,31,4,5,5,1,65,24,965877,13,0,2,2,181114,181100,6,6,0,0,3,300189,180211,3,3,28,10,12,0,0,0,4,380273,125,42,1,1,0,2,0,0,2,1,2,2,2
14:27:42,25.7,0.810816,0.81,5.30,0,0,0,0,0,0,4,7,298584,13,0,4,353,119419,724,0,0,749,727,1827,1345,1641,1553,79,0,2,7,7,3,265,57,958077,13,0,1,2,182772,182761,4,4,0,1,5,298145,179614,3,3,29,11,11,0,1,0,6,373916,121,36,0,0,0,1,0,0,1,0,0,0,0
14:27:51,25.7,0.810786,0.54,0.23,0,0,0,0,0,0,4,5,300742,6,0,4,353,121228,623,0,0,221,196,327,581,41,0,80,0,2,5,5,1,35,6,967337,13,0,2,2,180789,180781,4,5,0,0,3,300389,179968,3,3,18,10,6,0,0,0,4,384359,112,33,0,0,0,2,0,0,2,0,0,0,0
14:28:01,25.7,0.810839,0.49,0.23,0,0,0,0,0,0,4,6,300373,7,0,4,328,120768,687,0,0,735,714,1218,1012,210,126,68,31,2,8,8,3,142,6,967652,15,0,2,2,183099,183088,4,4,0,0,5,299950,179993,3,3,21,10,8,0,0,0,7,383706,115,35,0,0,0,1,0,0,1,0,0,0,0
14:28:10,25.7,0.810827,0.92,5.56,0,0,0,0,0,0,4,7,301331,8,0,4,356,121356,666,0,0,226,201,351,503,42,1,70,0,2,10,10,1,31,6,968848,23,0,2,2,181222,181215,4,4,0,0,3,300930,180383,3,3,30,10,8,0,0,0,7,384036,126,37,0,0,0,1,0,0,1,0,0,0,0
14:28:20,25.7,0.810796,0.49,0.23,6,8,6,2,0,1,4,4,301549,9,2,12,327,121326,633,0,1,221,196,349,559,43,1,70,0,6,5,5,1,35,7,969459,13,0,2,2,181376,181366,8,8,0,0,3,301165,180561,3,3,21,10,6,0,0,0,4,378441,128,44,1,5,5,0,1,6,6,1,1,0,2
14:28:30,25.7,0.810842,0.84,0.23,0,0,0,0,0,0,2,8,297866,8,0,4,352,117614,618,0,0,210,185,322,537,38,1,69,0,2,6,6,1,26,6,950516,15,0,2,2,181391,181381,4,4,0,0,3,297412,180563,3,3,22,10,6,0,0,0,4,379573,109,35,1,0,0,0,0,0,0,1,0,0,1
14:28:40,25.7,0.810812,0.54,0.23,0,0,0,0,0,0,4,5,300718,5,0,4,323,121036,600,0,0,298,260,453,623,47,1,75,31,2,13,13,1,27,6,966975,29,0,2,3,181100,181088,4,4,0,0,3,300312,180007,3,3,41,15,15,0,0,0,10,380976,127,40,1,0,0,2,0,0,2,1,0,0,1
14:28:50,25.7,0.810782,0.54,0.23,0,1,0,1,0,1,4,8,300376,7,0,8,321,120596,570,0,0,221,199,332,573,46,1,67,0,4,5,5,1,49,12,965354,13,0,2,2,181077,181067,6,7,0,0,3,300262,180245,3,3,19,10,6,0,0,0,4,386858,123,42,1,1,0,2,0,0,2,1,1,1,2
14:28:59,25.7,0.810989,0.43,0.23,0,0,0,0,0,0,4,10,300417,9,0,4,334,120728,695,0,0,287,254,442,675,52,1,84,31,2,9,9,1,47,10,966283,21,0,2,3,181286,181276,4,5,0,0,3,300256,180205,3,3,32,14,10,0,0,0,7,378266,116,37,1,0,0,1,0,0,1,1,0,0,1
14:29:09,25.7,0.810808,0.49,0.23,0,0,0,0,0,0,4,1,301180,8,0,4,333,121227,652,0,0,224,199,335,593,41,0,76,31,2,5,5,1,35,6,968347,13,0,2,2,181212,181205,4,5,0,0,3,300827,180389,3,3,20,10,6,0,0,0,4,383277,118,41,1,0,0,2,0,0,2,1,0,0,1
14:29:18,25.7,0.810811,0.64,0.33,0,0,0,0,0,0,5,4,299118,8,0,4,337,119469,689,0,0,292,259,438,939,59,33,130,93,2,8,8,1,67,19,959806,19,0,2,3,181313,181309,4,5,0,0,3,299004,180251,3,3,29,14,10,0,0,0,7,375464,122,38,0,0,0,1,0,0,1,0,0,0,0
14:29:27,25.7,0.810847,0.54,0.23,0,0,0,0,0,0,4,40,294524,7,0,4,335,116284,646,0,0,601,461,2002,2605,525,254,767,310,2,5,5,1,959,413,946140,13,4,2,36,181240,181227,4,5,4,8,10,294203,178597,6,9,19,10,6,0,5,0,4,358027,131,43,0,0,0,18,0,0,18,0,0,0,0
14:29:36,25.7,0.810816,0.60,0.23,0,0,0,0,0,0,2,14,294785,18,0,4,388,116513,845,0,0,1146,692,3301,3479,896,358,933,403,26,11,11,1,1628,682,952292,25,7,2,47,184384,184368,18,4,7,8,16,294435,178731,7,10,190,13,189,0,9,0,7,347454,181,55,0,0,0,19,0,0,19,0,0,0,0
14:29:46,25.7,0.810834,0.60,0.23,0,0,0,0,0,0,4,7,294644,10,0,4,372,116585,820,0,0,815,639,3338,3559,917,381,938,310,2,6,6,1,1628,689,951859,15,7,2,48,183341,183323,4,5,7,8,16,294295,178472,7,10,35,22,21,0,8,0,5,345710,135,40,0,0,0,18,0,0,18,0,0,0,0
14:29:55,25.7,0.810782,0.66,0.23,0,0,0,0,0,0,4,10,300510,6,0,4,340,120647,629,0,0,345,309,550,1154,93,1,144,31,2,5,5,1,70,20,966081,13,1,2,2,181515,181508,4,5,0,0,3,300128,180240,3,3,20,17,9,0,0,0,4,383190,120,38,1,0,0,3,0,0,3,1,0,0,1
14:30:05,25.7,0.810818,0.66,0.23,0,0,0,0,0,0,4,22,296819,5,0,4,362,118083,750,0,0,655,605,2606,2803,464,37,474,62,2,10,10,1,916,253,957380,23,4,1,2,182448,182432,4,4,4,5,12,296422,179113,7,8,31,19,12,0,5,0,7,369135,132,40,1,0,0,7,0,0,7,1,0,0,1
14:30:15,25.7,0.810814,2.66,0.65,0,0,0,0,0,0,4,14,297402,7,0,4,332,118371,631,0,0,649,599,2592,2733,466,67,480,31,2,7,7,1,920,254,958874,17,4,1,2,182673,182655,4,5,4,5,12,297020,179345,7,8,27,18,11,0,5,0,5,374021,129,39,1,5,5,9,0,0,9,1,1,0,2
14:30:24,25.6,0.810792,0.79,5.47,0,0,0,0,0,0,4,25,299014,42,0,2,360,119313,765,0,0,559,516,2494,2939,464,39,529,93,1,5,5,1,957,279,965761,13,4,2,2,183275,183242,2,3,4,5,12,298814,180197,7,8,59,11,10,0,5,0,4,366654,128,39,0,0,0,7,0,0,7,0,0,0,0
14:30:34,25.6,0.810753,0.84,0.30,0,0,0,0,0,0,4,8,300222,8,0,4,346,120869,726,0,0,553,511,2411,2592,451,68,468,93,2,5,5,1,924,265,971012,13,4,2,2,182716,182698,4,5,4,5,12,299859,179745,7,8,21,11,7,0,5,0,4,370541,132,41,0,0,0,7,0,0,7,0,0,0,0
14:30:43,25.6,0.810835,0.49,0.23,0,0,0,0,0,0,4,20,298862,8,0,4,357,119286,731,0,0,576,512,2416,3150,458,37,622,155,2,5,5,1,1032,277,965852,13,4,2,2,183131,183117,4,4,4,16,12,298733,180107,7,8,21,11,7,0,5,0,4,372322,127,40,0,0,0,5,0,0,5,0,0,0,0
14:30:53,25.6,0.810874,0.81,5.30,0,0,0,0,0,0,4,13,301092,8,0,4,338,121182,597,0,0,229,204,351,561,43,2,70,0,2,10,10,1,32,6,967864,23,0,2,2,181053,181044,4,5,0,0,3,300687,180221,3,3,31,10,8,0,0,0,7,383288,127,38,0,0,0,1,0,0,1,0,0,0,0
14:31:03,25.6,0.810775,0.54,0.23,0,0,0,0,0,0,2,14,300100,5,0,4,345,120354,725,0,0,748,709,2095,2577,1742,1554,1837,1488,2,12,12,5,886,146,965350,19,2,2,2,183789,183773,4,5,2,3,7,299943,180241,4,5,23,10,10,0,3,0,11,368700,122,39,0,0,0,4,0,0,4,0,0,0,0
14:31:13,25.6,0.810868,0.60,0.27,0,0,0,0,0,0,4,5,301027,7,0,4,323,121115,608,0,0,228,200,330,553,44,1,69,31,2,6,6,1,39,6,967761,15,0,2,2,181046,181035,4,4,0,1,3,300675,180232,3,3,21,10,6,0,0,0,4,378050,128,40,0,0,0,1,0,0,1,0,0,0,0
14:31:22,25.6,0.810867,0.49,0.23,0,0,0,0,0,0,3,13,294999,80,0,4,327,115659,797,0,0,753,718,2250,2717,1743,1560,1773,1581,2,17,17,5,883,143,941795,29,2,2,2,183272,183259,4,4,2,3,7,294749,179801,4,5,108,10,12,0,3,0,14,354854,144,39,0,0,0,3,0,0,3,0,0,0,0
14:31:32,25.6,0.81085,0.66,0.23,0,0,0,0,0,0,4,6,301035,8,0,4,325,121186,664,0,0,224,199,339,666,43,1,66,0,2,5,5,1,13,6,967444,13,0,2,2,180925,180917,4,4,0,0,3,300548,180099,3,3,20,10,6,0,0,0,4,377305,117,35,0,0,0,2,0,0,2,0,0,0,0
14:31:42,25.6,0.810863,0.60,0.23,0,0,0,0,0,0,4,11,298192,10,0,4,452,119922,948,0,0,861,822,2206,2612,1741,1555,265,0,180,13,13,5,810,148,959317,21,2,5,2,182783,182771,112,4,2,1,7,298027,179524,4,5,114,10,17,0,3,0,11,359997,347,114,1,0,0,3,0,0,3,1,0,0,1
14:31:51,25.6,0.810819,0.60,0.23,0,0,0,0,0,0,2,7,291007,10,0,4,309,111725,610,0,0,219,192,356,872,50,32,144,62,2,10,10,1,66,20,920408,23,0,2,2,180615,180598,4,4,0,0,3,290849,179724,3,3,32,11,8,0,0,0,7,365780,124,38,1,0,0,0,0,0,0,1,1,1,2
14:32:01,25.6,0.810837,0.54,0.27,0,1,0,1,0,1,4,10,292669,6,0,8,335,113664,585,0,0,445,423,682,1003,49,1,82,0,4,8,8,3,159,27,930224,15,0,2,2,181445,181428,6,6,0,0,4,292525,179522,3,3,20,10,8,0,0,0,7,375184,114,39,1,1,0,1,0,0,1,1,1,1,2
14:32:11,25.6,0.810814,0.86,5.56,0,0,0,0,0,0,4,8,300170,8,0,4,328,120308,636,0,0,229,204,351,821,47,1,120,0,2,10,10,1,67,19,964344,23,0,2,2,181277,181253,4,5,0,0,3,300040,180385,3,3,30,10,8,0,0,0,7,381118,125,38,1,0,0,1,0,0,1,1,0,0,1
14:32:21,25.6,0.810767,0.66,0.23,0,0,0,0,0,0,4,9,285662,45,0,4,336,106054,628,0,0,224,199,404,964,52,4,126,0,2,5,5,1,68,20,892687,13,1,2,2,180988,180984,4,5,1,0,3,285463,180072,3,3,57,10,6,0,0,0,4,356197,129,40,1,0,0,1,0,0,1,1,0,0,1
14:32:30,25.6,0.810899,0.95,0.27,0,0,0,0,0,0,4,3,301245,7,0,4,315,121217,604,0,0,237,203,359,600,42,2,78,0,2,5,5,1,30,6,968570,13,0,2,2,181204,181196,4,5,0,1,3,300901,180360,3,3,27,10,12,0,0,0,4,379726,119,37,1,0,0,1,0,0,1,1,1,1,2
14:32:40,25.6,0.810872,0.87,5.30,0,0,0,0,0,0,4,7,301381,14,0,4,327,121197,730,0,0,295,258,471,927,55,2,99,0,2,13,13,1,67,19,970050,27,0,2,2,181885,181876,4,5,0,2,3,301263,180745,3,3,38,12,8,0,0,0,9,371117,132,34,0,0,0,1,0,0,1,0,0,0,0
14:32:49,25.6,0.810838,0.72,0.23,0,0,0,0,0,0,4,10,285146,6,0,4,343,105735,613,0,0,225,200,326,778,49,1,122,0,2,5,5,1,67,20,890367,13,0,2,2,180873,180842,4,5,0,0,3,285015,179981,3,3,18,10,6,0,0,0,4,362637,115,37,0,0,0,1,0,0,1,0,0,0,0
14:32:59,25.6,0.810805,0.60,0.30,0,0,0,0,0,0,4,9,300232,6,0,4,341,120463,633,0,0,283,250,435,660,51,1,76,0,2,8,8,1,33,6,964365,19,0,1,3,181275,181266,4,5,0,0,3,299882,180216,3,3,27,14,10,0,0,0,7,383531,115,35,0,0,0,1,0,0,1,0,0,0,0
14:33:08,25.6,0.810859,0.49,0.21,0,0,0,0,0,0,4,20,295450,7,0,2,336,115761,633,0,0,226,201,353,815,49,32,72,62,1,10,10,1,67,19,940952,23,0,2,2,181019,181011,2,3,0,0,3,295254,180129,3,3,29,10,8,0,0,0,7,375950,128,36,0,0,0,1,0,0,1,0,0,0,0
14:33:18,25.6,0.81079,0.49,0.23,0,0,0,0,0,0,4,9,298992,8,0,4,337,119104,717,0,0,309,253,438,976,57,1,157,62,2,8,8,1,69,20,958581,19,0,2,3,181514,181497,4,5,0,8,3,298830,180411,3,3,29,14,10,0,0,0,7,378949,118,35,0,0,0,2,0,0,2,0,0,0,0
14:33:27,25.6,0.810802,0.49,0.23,7,9,6,2,0,1,2,30,294892,8,2,12,360,115889,752,0,1,664,502,3098,3242,886,443,912,403,6,6,6,1,1621,684,949052,15,7,2,47,183890,183873,8,9,7,8,16,294516,179484,7,10,32,12,16,0,8,0,4,343862,126,43,1,5,5,21,1,6,27,1,1,0,2
14:33:37,25.6,0.810886,0.54,0.23,0,0,0,0,0,0,4,10,295822,18,0,4,362,116892,815,0,0,678,516,3127,3329,893,414,913,372,2,10,10,1,1623,683,954304,23,7,2,47,183745,183727,4,5,7,8,16,295463,179334,7,10,47,12,18,0,8,0,7,343775,147,41,1,0,0,20,0,0,20,1,0,0,1
14:33:47,25.6,0.810742,0.60,0.23,0,0,0,0,0,0,4,17,295673,7,0,2,578,117585,1093,0,0,883,688,3282,3527,898,474,932,372,245,6,6,1,1640,692,957161,15,7,6,48,183893,183872,154,2,7,8,16,295325,179530,8,11,147,15,32,0,8,0,5,340588,421,149,1,0,0,22,0,0,22,1,1,1,2
14:33:56,25.6,0.810803,0.66,0.23,0,0,0,0,0,0,2,29,290695,7,0,4,374,112782,831,0,0,1008,819,5190,5332,1303,510,1327,403,2,6,6,1,2532,940,937616,15,11,2,47,184959,184937,4,4,11,13,25,290338,178332,11,15,36,13,23,0,13,0,4,346019,124,41,1,0,0,25,0,0,25,1,0,0,1
14:34:06,25.6,0.810808,0.60,0.23,0,0,0,0,0,0,4,20,291421,8,0,4,378,116110,862,0,0,1145,957,5432,5866,1336,417,1386,341,2,12,12,1,2558,957,951270,27,11,2,48,183049,183009,4,4,11,13,25,291297,175898,11,15,45,24,24,0,13,0,8,341543,157,40,0,0,0,26,0,0,26,0,0,0,0
14:34:15,25.6,0.810846,2.30,0.23,0,0,0,0,0,0,4,16,294284,6,0,4,326,115337,721,0,0,661,604,2597,2922,461,68,541,31,2,7,7,1,918,270,944473,17,4,2,2,182731,182715,4,4,4,5,12,293921,179289,7,8,28,18,13,0,5,0,6,359318,127,36,0,0,0,10,0,0,10,0,0,0,0
14:34:25,25.6,0.810676,0.96,5.51,0,0,0,0,0,0,4,12,298326,8,0,4,361,118843,776,0,0,646,596,2577,2784,463,6,490,62,2,5,5,1,916,263,962146,13,4,2,2,183236,183223,4,4,4,5,12,297880,179931,7,8,24,18,10,0,5,0,4,374208,125,39,0,0,0,8,0,0,8,0,0,0,0
14:34:35,25.6,0.812435,0.48,0.23,0,0,0,0,0,0,4,9,300717,9,0,4,361,121163,723,0,0,329,290,499,728,50,1,86,0,2,5,5,1,24,6,967780,13,0,2,2,181190,181178,4,5,0,0,3,300331,180008,3,3,30,18,12,0,0,0,4,378084,119,36,0,0,0,2,0,0,2,0,0,0,0
14:34:45,25.6,0.810826,0.66,0.27,0,0,0,0,0,0,4,9,300982,8,0,4,344,121212,620,0,0,319,286,501,734,55,1,104,62,2,5,5,1,29,6,968335,13,0,2,2,181270,181262,4,5,0,0,3,300577,180139,3,3,23,17,9,0,0,0,4,383292,122,41,0,0,0,1,0,0,1,0,0,0,0
14:34:55,25.6,0.8108,0.85,0.71,0,0,0,0,0,0,4,3,301619,10,0,4,357,121445,713,0,0,242,210,364,570,45,2,68,0,2,10,10,1,39,6,969965,23,0,2,2,181510,181504,4,5,0,0,3,301276,180667,3,3,41,10,15,0,0,0,7,375424,129,38,0,0,0,1,0,0,1,0,0,0,0
14:35:04,25.6,0.810777,0.49,0.23,0,0,0,0,0,0,4,12,300667,9,0,4,356,120645,671,0,0,230,204,336,782,50,1,123,0,2,5,5,1,69,21,966293,13,0,2,2,181487,181467,4,5,0,0,3,300541,180593,3,3,24,10,9,0,0,0,4,383203,118,38,0,0,0,1,0,0,1,0,0,0,0
14:35:14,25.6,0.810802,2.60,0.30,0,0,0,0,0,0,4,9,300801,8,0,4,342,121133,728,0,0,224,199,330,512,42,1,78,31,2,5,5,1,29,6,967093,13,0,2,2,180926,180919,4,5,0,0,3,300400,180117,3,3,20,10,6,0,0,0,4,382458,117,38,0,0,0,1,0,0,1,0,0,0,0
14:35:23,25.6,0.81075,0.54,0.23,0,0,0,0,0,0,4,15,295077,40,0,4,364,116464,793,0,0,267,228,1306,1994,1291,1090,1823,1519,2,14,14,3,778,147,946582,27,2,2,2,180579,180569,4,4,2,2,5,295038,179314,4,5,67,10,10,0,3,0,11,364241,143,41,1,5,5,3,0,0,3,1,1,0,2
14:35:33,25.6,0.810832,0.78,0.23,0,0,0,0,0,0,4,8,301136,7,0,4,346,121259,630,0,0,224,200,314,490,33,0,65,31,2,5,5,1,17,6,967939,13,0,2,2,181054,181046,4,4,0,0,3,300689,180219,3,3,19,10,6,0,0,0,4,381946,119,39,1,0,0,3,0,0,3,1,0,0,1
14:35:42,25.6,0.810868,0.60,0.23,0,2,0,1,14,1,2,12,284892,9,1,6,359,105791,739,2,0,769,727,2128,2327,1743,1523,1759,1488,3,13,13,5,853,131,896372,21,2,2,2,183055,183045,4,4,2,3,7,284550,179553,4,5,34,11,13,0,3,0,11,344509,136,44,1,1,0,6,1,0,6,1,2,2,2
14:35:52,25.6,0.810827,0.60,0.23,0,0,0,0,0,0,4,6,301190,7,0,4,484,121932,853,0,0,381,329,459,676,43,1,69,0,212,10,10,1,28,6,971117,23,0,6,2,181123,181111,138,4,0,0,3,300787,180444,4,4,138,10,22,0,0,0,7,378434,362,134,0,0,0,2,0,0,2,0,0,0,0
14:36:02,25.6,0.810777,0.60,0.23,0,0,0,0,0,0,5,13,298007,6,0,4,357,118585,726,0,0,743,719,1804,1614,1642,1551,104,62,2,8,8,3,301,71,956331,15,0,2,2,183045,183043,4,4,0,4,5,297773,179913,3,3,20,10,8,0,1,0,7,372492,127,36,0,0,0,2,0,0,2,0,0,0,0
14:36:11,25.6,0.810839,0.75,5.30,0,0,0,0,0,0,4,4,301589,8,0,4,347,121420,669,0,0,232,204,338,543,42,1,70,31,2,6,6,1,32,7,969710,15,0,2,2,181446,181438,4,4,0,1,3,301243,180593,3,3,23,10,7,0,0,0,4,374213,123,38,0,0,0,2,0,0,2,0,0,0,0
14:36:21,25.6,0.810856,0.60,0.23,0,0,0,0,0,0,4,3,299886,45,0,4,337,119781,659,0,0,213,196,380,579,38,4,69,0,2,5,5,1,11,6,961228,13,0,2,2,181152,181144,4,4,0,0,3,299382,180342,3,3,57,11,6,0,0,0,4,373551,120,35,0,0,0,1,0,0,1,0,0,0,0
14:36:31,25.6,0.810835,1.06,0.49,0,0,0,0,0,0,4,6,301467,6,0,4,332,121335,563,0,0,224,199,327,506,45,1,68,0,2,5,5,1,40,6,968868,13,0,2,2,181280,181272,4,4,0,0,3,301104,180460,3,3,18,10,6,0,0,0,4,386573,110,36,0,0,0,1,0,0,1,0,0,0,0
14:36:40,25.6,0.810735,0.75,5.30,0,0,0,0,0,0,4,7,301261,6,0,4,344,121293,628,0,0,222,206,320,492,32,1,67,31,2,11,11,1,8,6,968284,25,0,2,2,181116,181106,4,4,0,0,3,300773,180262,3,3,30,11,8,0,0,0,6,381379,125,39,0,0,0,2,0,0,2,0,0,0,0
14:36:50,25.6,0.810784,0.54,0.23,0,0,0,0,0,0,4,4,300886,6,0,4,327,121137,624,0,0,224,199,326,525,41,1,65,0,2,5,5,1,34,6,967232,13,0,2,2,180989,180980,4,4,0,0,3,300539,180170,3,3,18,10,6,0,0,0,4,385029,115,40,0,0,0,1,0,0,1,0,0,0,0
14:37:00,25.6,0.810826,0.49,0.23,0,0,0,0,0,0,4,9,301363,7,0,4,330,121300,623,0,0,304,264,470,661,50,1,76,31,2,8,8,1,34,6,969397,19,0,2,3,181463,181455,4,4,0,0,3,301011,180404,3,3,38,14,16,0,0,0,7,374112,130,40,0,0,0,1,0,0,1,0,0,0,0
14:37:10,25.6,0.810861,0.54,0.23,0,0,0,0,0,0,4,7,301643,8,0,4,334,121379,638,0,0,230,201,355,580,44,1,70,31,2,10,10,1,37,6,969735,23,0,2,2,181407,181396,4,4,0,1,3,301230,180561,3,3,30,10,8,0,0,0,7,375471,123,35,0,0,0,1,0,0,1,0,0,0,0
14:37:19,25.6,0.810748,0.54,0.23,0,0,0,0,0,0,4,5,300392,7,0,4,329,121067,619,0,0,288,253,437,735,50,1,104,0,2,8,8,1,33,6,966640,19,0,2,3,180760,180744,4,4,0,1,3,300028,179711,3,3,28,14,10,0,0,0,7,383740,126,38,1,0,0,1,0,0,1,1,0,0,1
14:37:29,25.6,0.810821,0.78,0.23,0,0,0,0,0,0,4,3,301111,6,0,4,342,121232,661,0,0,224,199,326,599,42,1,101,31,2,5,5,1,27,6,968164,13,0,2,2,181110,181102,4,4,0,0,3,300748,180319,3,3,18,10,6,0,0,0,4,386932,120,38,0,0,0,1,0,0,1,0,0,0,0
14:37:38,25.6,0.810726,0.58,0.33,0,1,0,1,0,1,3,6,301266,14,0,8,319,121249,624,0,0,285,252,475,1030,58,33,116,62,4,13,13,1,69,20,969618,29,0,2,3,181535,181512,6,6,0,0,3,301011,180379,3,3,45,14,12,0,0,0,10,373571,132,40,3,6,5,2,0,0,2,1,3,2,2
14:37:48,25.6,0.810747,0.54,0.23,0,0,0,0,0,0,2,18,294871,7,0,4,378,116880,842,0,0,918,761,4089,4639,957,320,1175,434,2,5,5,1,1852,655,955416,13,8,2,36,183341,183319,4,4,8,13,20,294646,178515,10,14,20,11,7,0,10,0,4,351394,127,43,1,0,0,24,0,0,24,1,0,0,1
14:37:58,25.6,0.810779,0.87,5.40,0,0,0,0,0,0,4,10,292551,6,0,2,474,114458,956,0,0,1117,911,5244,5691,1311,510,1380,434,139,5,5,1,2560,947,947103,13,11,4,47,185779,185754,88,3,11,13,25,292405,179212,12,16,100,13,31,0,13,0,4,327328,295,105,1,0,0,27,0,0,27,1,0,0,1
14:38:08,25.6,0.810796,0.54,0.23,0,0,0,0,0,0,4,23,293354,8,0,4,365,114998,806,0,0,945,774,4091,5116,932,290,1333,434,2,5,5,1,1851,638,946871,13,8,2,36,183759,183717,4,5,8,20,19,293225,178857,10,14,20,11,7,0,10,0,4,343991,137,45,1,0,0,22,0,0,22,1,0,0,1
14:38:17,25.6,0.810784,0.69,0.32,0,2,0,1,13,1,2,16,294788,7,1,8,365,116244,880,2,0,1038,839,5252,5739,1299,386,1371,372,4,7,7,1,2554,941,957501,17,11,2,47,185825,185782,6,7,11,13,25,294597,179016,11,15,47,14,29,0,13,0,6,339278,138,46,1,1,0,28,1,0,28,1,2,2,2
14:38:27,25.6,0.810783,0.81,5.30,0,0,0,0,0,0,4,12,293132,6,0,4,385,117409,942,0,0,1049,866,5224,5497,1300,510,1341,403,2,11,11,1,2489,932,956419,25,11,2,48,182870,182847,4,5,11,16,25,292671,176131,11,15,39,16,21,0,13,0,8,332646,148,43,1,0,0,25,0,0,25,1,0,0,1
14:38:37,25.6,0.810797,0.49,0.23,0,0,0,0,0,0,2,15,296416,18,0,4,365,117415,949,0,0,995,814,5191,5391,1293,511,1321,403,2,5,5,1,2502,935,962861,13,11,2,47,185888,185865,4,4,11,13,25,295959,179331,11,15,37,13,17,0,13,0,4,335196,143,43,1,0,0,25,0,0,25,1,0,0,1
14:38:46,25.6,0.810853,0.49,0.23,0,1,0,1,0,1,2,10,293636,9,0,8,354,117247,723,0,0,706,538,3170,3643,891,350,963,279,4,6,6,1,1663,696,951695,15,7,2,48,181516,181494,6,6,7,8,16,293468,176862,7,10,31,15,18,0,8,0,5,360042,123,42,1,1,0,21,0,0,21,1,1,1,2
14:38:57,25.6,0.810911,0.66,0.23,0,0,0,0,0,0,4,14,294578,251,0,4,367,115866,1074,0,0,776,606,3761,3970,929,431,950,341,2,12,12,1,1627,684,950833,27,7,3,47,184056,184037,4,4,7,8,16,294212,179349,7,10,283,20,21,0,8,0,7,331474,146,37,0,0,0,22,0,0,22,0,0,0,0
14:39:06,25.6,0.810847,0.60,0.23,0,0,0,0,0,0,4,14,294097,6,0,4,377,116325,796,0,0,820,641,3339,3565,903,443,936,372,2,6,6,1,1613,687,949685,15,7,1,48,183041,183022,4,5,7,8,16,293637,178136,7,10,39,23,27,0,8,0,5,341670,133,40,0,0,0,22,0,0,22,0,0,0,0
14:39:16,25.6,0.810874,0.81,5.30,0,0,0,0,0,0,4,14,294973,6,0,4,371,116836,771,0,0,775,606,3286,3493,909,442,930,341,2,5,5,1,1628,685,952758,13,7,2,47,183355,183339,4,5,7,8,16,294617,178594,7,10,36,19,25,0,8,0,4,359329,123,37,0,0,0,22,0,0,22,0,0,0,0
14:39:26,25.6,0.810804,0.49,0.23,0,0,0,0,0,0,4,11,294632,10,0,2,354,116150,779,0,0,815,639,3338,3843,929,319,999,310,1,6,6,1,1678,693,950797,15,8,1,48,184005,183990,2,3,7,8,16,294442,179010,7,10,35,22,21,0,8,0,5,353240,125,40,0,0,0,20,0,0,20,0,0,0,0
14:39:36,25.6,0.810824,0.66,0.23,0,0,0,0,0,0,4,6,288330,13,0,4,335,109547,707,0,0,316,283,512,720,57,2,84,0,2,5,5,1,36,6,908190,13,0,2,2,180363,180354,4,5,0,0,3,287979,179230,3,3,28,17,9,0,0,0,4,356100,126,38,0,0,0,2,0,0,2,0,0,0,0
14:39:45,25.6,0.810841,0.66,0.23,0,0,0,0,0,0,4,9,300872,5,0,4,338,121047,687,0,0,369,330,591,854,63,2,95,0,2,11,11,1,34,6,968038,25,0,2,3,181552,181544,4,4,0,0,3,300529,180242,3,3,33,20,13,0,0,0,8,380561,130,40,0,0,0,2,0,0,2,0,0,0,0
14:39:55,25.6,0.812411,0.79,0.65,0,0,0,0,0,0,4,5,300308,6,0,4,327,120571,594,0,0,321,284,498,954,60,1,85,0,2,5,5,1,68,19,965896,13,0,2,2,181415,181406,4,4,0,1,3,300226,180250,3,3,21,17,9,0,0,0,4,379798,120,40,0,0,0,3,0,0,3,0,0,0,0
14:40:05,25.6,0.81083,0.66,0.23,0,0,0,0,0,0,4,8,301054,7,0,4,571,122140,912,0,0,511,447,643,890,59,1,101,0,288,5,5,1,28,6,972038,13,0,7,2,181287,181277,186,4,0,0,3,300640,180384,4,4,164,17,23,0,0,0,4,376255,453,169,0,0,0,2,0,0,2,0,0,0,0
14:40:14,25.6,0.81075,2.84,0.71,0,0,0,0,0,0,5,7,293006,10,0,4,334,113293,655,0,0,333,294,530,1080,62,2,163,62,2,11,11,1,70,19,929613,25,0,2,2,181361,181351,4,4,0,3,3,292802,180168,3,3,38,18,11,0,0,0,7,360694,140,39,0,0,0,2,0,0,2,0,0,0,0
14:40:24,25.6,0.81079,0.54,0.23,0,0,0,0,0,0,4,19,297059,44,0,4,326,117782,640,0,0,249,196,404,1170,49,4,243,93,2,5,5,1,144,20,951333,13,0,1,2,180643,180626,4,4,0,13,3,296877,179752,3,3,57,10,6,0,0,0,4,376798,125,39,1,0,0,1,0,0,1,1,0,0,1
14:40:34,25.6,0.810786,0.49,0.23,0,0,0,0,0,0,4,11,300576,7,0,4,324,120530,618,0,0,224,196,328,662,48,1,68,0,2,5,5,1,44,10,965035,13,0,2,2,181252,181235,4,5,0,0,3,300245,180427,3,3,19,10,6,0,0,0,4,382722,115,35,1,0,0,2,0,0,2,1,0,0,1
14:40:43,25.6,0.810832,0.84,0.23,0,0,0,0,0,0,2,13,295979,8,0,4,332,116136,769,0,0,751,716,2113,2560,1759,1556,1818,1426,2,17,17,5,890,151,957145,29,2,2,2,183910,183888,4,5,2,3,7,295889,180407,4,5,36,10,12,0,3,0,14,359745,137,41,1,0,0,3,0,0,3,1,0,0,1
14:40:53,25.6,0.810873,0.60,0.23,0,0,0,0,0,0,4,9,301043,15,0,4,333,120982,666,0,0,221,196,345,815,48,1,123,62,2,5,5,1,68,20,968135,13,0,2,2,181430,181412,4,5,0,0,3,300897,180553,3,3,28,10,6,0,0,0,4,375650,125,41,1,0,0,1,0,0,1,1,1,1,2
14:41:02,25.6,0.81073,0.54,0.23,0,0,0,0,0,0,2,43,291480,7,0,4,355,112657,707,0,0,742,715,2079,2296,1739,1585,1773,1612,2,12,12,5,829,140,935284,19,2,2,2,182552,182538,4,5,2,3,7,290979,179078,4,5,25,10,10,0,3,0,11,350595,130,41,1,0,0,4,0,0,4,1,0,0,1
14:41:12,25.6,0.81079,0.60,0.23,0,0,0,0,0,0,4,8,301120,7,0,4,328,121130,621,0,0,239,205,360,706,42,1,68,0,2,5,5,1,23,6,967749,13,0,2,2,181141,181133,4,5,0,0,3,300707,180298,3,3,27,10,12,0,0,0,4,377661,119,38,0,0,0,1,0,0,1,0,0,0,0
14:41:22,25.6,0.810875,0.49,0.23,0,0,0,0,0,0,4,16,297573,56,0,4,370,118762,818,0,0,756,722,2183,2566,1749,1558,220,62,2,11,11,5,782,134,956384,17,2,2,2,182919,182909,4,5,2,2,7,297458,179476,4,5,72,10,8,0,3,0,9,358840,132,37,0,0,0,3,0,0,3,0,0,0,0
14:41:31,25.6,0.81082,1.39,5.56,0,0,0,0,0,0,4,2,301261,8,0,4,327,121273,682,0,0,226,201,359,557,44,32,68,62,2,10,10,1,39,6,968602,23,0,2,2,181249,181237,4,5,0,0,3,300911,180404,3,3,30,10,8,0,0,0,7,379151,126,37,0,0,0,2,0,0,2,0,0,0,0
14:41:41,25.6,0.810869,0.49,0.23,0,0,0,0,0,0,6,14,300044,15,0,4,335,120643,733,0,0,249,215,375,657,45,3,95,31,2,5,5,1,37,6,964612,13,0,2,2,180612,180602,4,5,0,0,3,299671,179786,3,3,35,10,12,0,0,0,4,370199,126,40,0,0,0,2,0,0,2,0,0,0,0
14:41:50,25.6,0.810783,0.60,0.23,0,0,0,0,0,0,4,9,300002,7,0,4,341,120177,614,0,0,223,198,330,527,43,32,69,62,2,6,6,1,39,6,962727,15,0,2,2,181023,181012,4,5,0,0,3,299634,180202,3,3,21,10,6,0,0,0,4,380329,121,38,0,0,0,2,0,0,2,0,0,0,0
14:42:00,25.6,0.810797,0.81,5.30,0,0,0,0,0,0,4,9,298073,6,0,4,339,118575,710,0,0,297,258,455,1116,51,32,142,124,2,13,13,1,39,6,955511,29,0,2,3,181014,180994,4,5,0,1,3,297837,179942,3,3,37,14,12,0,0,0,10,372772,127,37,0,0,0,1,0,0,1,0,0,0,0
14:42:09,25.6,0.810862,0.60,0.23,0,0,0,0,0,0,4,7,300595,6,0,4,487,121520,919,0,0,677,610,2494,2615,454,68,471,93,171,5,5,1,907,257,974832,13,4,6,2,182991,182974,111,5,4,5,12,300158,180090,8,9,107,12,21,0,5,0,4,354012,326,119,1,5,5,5,0,0,5,1,2,1,2
14:42:19,25.6,0.810874,0.60,0.23,0,0,0,0,0,0,4,21,300140,8,0,4,369,120501,797,0,0,618,568,2529,2733,463,162,476,124,2,11,11,1,926,259,971170,25,4,2,3,183323,183306,4,5,4,5,12,299804,180095,7,8,37,15,12,0,5,0,9,362063,134,39,1,0,0,8,0,0,8,1,0,0,1
14:42:29,25.6,0.810754,0.71,0.23,0,1,0,1,0,1,4,12,300004,7,0,8,368,120398,748,0,0,567,521,2430,2614,439,130,460,62,4,10,10,1,910,258,969371,23,4,2,2,182976,182963,6,5,4,5,12,299531,179927,7,8,36,12,12,0,5,0,7,366415,144,45,1,1,0,7,0,0,7,1,1,1,2
14:42:38,25.6,0.810828,0.86,0.33,0,0,0,0,0,0,4,15,299216,17,0,4,349,119404,798,0,0,610,560,2536,2730,463,131,472,124,2,8,8,1,918,256,965800,19,4,2,3,183425,183412,4,4,4,5,12,298818,180223,7,8,39,15,11,0,5,0,7,366701,132,39,1,0,0,7,0,0,7,1,0,0,1
14:42:48,25.6,0.810704,0.60,0.23,0,0,0,0,0,0,4,9,300825,8,0,4,326,120730,610,0,0,226,201,332,783,49,1,123,31,2,6,6,1,68,20,966753,15,0,2,2,181458,181431,4,4,0,0,3,300696,180574,3,3,22,10,6,0,0,0,4,382698,118,38,0,0,0,1,0,0,1,0,0,0,0
14:42:58,25.6,0.810866,0.62,0.23,0,0,0,0,0,0,2,11,298715,6,0,4,339,117559,767,0,0,659,493,2619,3492,779,349,933,310,2,10,10,1,1388,588,961864,23,6,2,47,185456,185433,4,4,6,8,13,298638,181717,7,10,36,10,18,0,6,0,7,353383,121,41,0,0,0,20,0,0,20,0,0,0,0
14:43:08,25.6,0.810839,0.71,0.23,0,0,0,0,0,0,2,18,293197,7,0,4,359,115479,768,0,0,709,541,3162,3311,903,319,929,310,2,6,6,1,1637,684,944858,15,7,2,48,182668,182653,4,4,7,8,16,292833,178101,7,10,29,15,18,0,8,0,5,348616,128,39,0,0,0,19,0,0,19,0,0,0,0
14:43:18,25.6,0.810812,0.70,5.30,0,0,0,0,0,0,3,14,292444,8,0,4,362,112825,778,0,0,694,515,3120,3700,891,381,973,403,2,6,6,1,1661,702,935859,15,8,2,47,184706,184672,4,4,7,9,16,292239,180162,7,10,37,12,22,0,8,0,4,337733,126,41,0,0,0,21,0,0,21,0,0,0,0
14:43:27,25.6,0.810834,0.61,0.23,0,0,0,0,0,0,4,9,293295,9,0,4,362,117355,793,0,0,721,553,3167,3370,894,381,923,341,2,7,7,1,1634,683,950922,17,7,2,48,180901,180883,4,5,7,8,16,292944,176356,7,10,33,15,18,0,8,0,5,347069,137,43,0,0,0,24,0,0,24,0,0,0,0
14:43:37,25.6,0.810767,0.54,0.23,0,0,0,0,0,0,2,32,295642,15,0,4,357,116128,802,0,0,686,502,3101,3714,890,257,982,310,2,5,5,1,1657,701,952380,13,7,2,47,184519,184491,4,4,7,14,16,295464,180043,7,10,34,12,16,0,8,0,4,355508,127,41,0,0,0,17,0,0,17,0,0,0,0
14:43:46,25.6,0.810872,0.70,5.30,0,0,0,0,0,0,4,17,290301,7,0,4,372,113387,819,0,0,819,641,3352,3663,919,350,953,341,2,11,11,1,1638,687,933533,25,7,2,48,182277,182259,4,4,7,8,16,289968,177378,7,10,42,22,23,0,8,0,8,348225,136,41,0,0,0,22,0,0,22,0,0,0,0
14:43:56,25.6,0.810775,0.54,0.23,0,0,0,0,0,0,4,9,296346,7,0,4,332,118616,675,0,0,397,336,1584,1594,516,65,270,0,2,5,5,1,816,395,955362,13,3,2,13,181014,181002,4,4,3,2,9,295945,178101,4,4,29,19,19,0,3,0,4,371346,117,36,0,0,0,2,0,0,2,0,0,0,0
14:44:06,25.6,0.810858,0.54,0.23,0,1,0,1,0,1,4,1,301270,7,0,8,316,121160,600,0,0,315,283,478,708,48,1,81,0,4,5,5,1,18,14,968659,13,0,2,2,181462,181450,6,6,0,0,3,300772,180317,3,3,22,18,9,0,0,0,4,376830,121,39,1,3,6,2,0,0,2,1,2,1,2
14:44:15,25.6,0.812318,2.72,0.65,0,0,0,0,0,0,4,3,301412,7,0,4,388,121449,718,0,0,415,348,580,765,58,1,85,31,68,10,10,1,31,6,970535,23,0,3,2,181922,181912,44,5,0,0,3,301065,180614,4,4,74,17,27,0,0,0,7,373911,205,64,1,0,0,4,0,0,4,1,0,0,1
14:44:25,25.6,0.810769,0.77,0.23,0,0,0,0,0,0,4,7,300978,8,0,4,333,121150,670,0,0,317,288,480,706,49,1,79,0,2,5,5,1,19,6,968006,13,0,2,2,181265,181257,4,5,0,0,3,300496,180127,3,3,24,18,9,0,0,0,4,378806,126,39,1,0,0,3,0,0,3,1,0,0,1
14:44:34,25.6,0.810776,0.82,0.71,0,0,0,0,0,0,4,8,294294,7,0,4,330,114844,621,0,0,227,199,331,620,41,0,84,31,2,5,5,1,36,6,935531,13,0,2,2,180635,180625,4,5,0,1,3,293951,179821,3,3,22,10,9,0,0,0,4,363845,120,39,1,0,0,1,0,0,1,1,0,0,1
14:44:44,25.6,0.81074,0.72,0.23,0,0,0,0,0,0,5,9,300243,9,0,4,323,120609,702,0,0,256,211,360,1046,52,34,202,124,2,11,11,1,142,19,966263,25,0,2,2,181006,180999,4,5,0,9,3,300119,180147,3,3,33,10,8,0,1,0,7,376111,135,40,0,0,0,1,0,0,1,0,0,0,0
14:44:53,25.6,0.810795,0.54,0.23,0,0,0,0,0,0,4,5,300991,16,0,4,316,121185,592,0,0,224,199,347,559,42,33,67,31,2,5,5,1,32,6,967937,13,0,2,2,180935,180926,4,5,0,0,3,300643,180133,3,3,29,10,6,0,0,0,4,375641,122,37,0,0,0,1,0,0,1,0,0,0,0
14:45:03,25.6,0.810849,0.54,0.23,0,0,0,0,0,0,4,8,296739,7,0,2,360,117296,697,0,0,766,731,2111,2547,1746,1554,1775,1457,1,12,12,5,889,151,956492,19,2,1,2,183438,183429,2,3,2,3,7,296584,179913,4,5,25,10,10,0,3,0,11,359677,129,40,0,0,0,4,0,0,4,0,0,0,0
14:45:13,25.6,0.810772,2.71,0.23,0,0,0,0,0,0,4,11,298955,8,0,4,338,119539,599,0,0,222,196,331,776,46,32,72,31,2,5,5,1,68,19,959249,13,0,2,2,180795,180787,4,4,0,0,3,298806,179935,3,3,20,10,6,0,0,0,5,386314,112,38,0,0,0,2,0,0,2,0,0,0,0
14:45:23,25.6,0.810892,0.60,0.23,0,0,0,0,0,0,2,15,298907,78,0,2,470,119817,875,0,0,1311,921,2447,2603,1754,1567,1780,1519,10,12,12,5,853,136,964550,19,2,2,2,185180,185166,7,2,2,3,7,298561,179672,6,7,253,11,205,0,5,0,11,341463,161,48,0,0,0,3,0,0,3,0,0,0,0
14:45:32,25.6,0.810829,1.01,5.30,0,0,0,0,0,0,4,9,301213,11,0,4,342,121351,701,0,0,226,201,365,561,44,3,66,31,2,10,10,1,32,6,968911,23,0,2,2,181112,181101,4,4,0,0,3,300849,180272,3,3,33,10,8,0,0,0,7,376436,130,37,0,0,0,3,0,0,3,0,0,0,0
14:45:42,25.6,0.810914,0.54,0.23,0,0,0,0,0,0,4,12,297559,14,0,4,349,119145,714,0,0,767,732,2114,2308,1737,1523,1764,1426,2,12,12,5,779,136,957916,19,2,2,2,182254,182243,4,4,2,3,7,297189,178789,4,5,30,12,10,0,3,0,11,354933,133,37,0,0,0,3,0,0,3,0,0,0,0
14:45:52,25.6,0.810766,0.83,0.49,0,0,0,0,0,0,4,7,300902,7,0,4,322,120878,600,0,0,226,197,330,755,45,0,127,31,2,6,6,1,67,19,967246,15,0,2,2,181387,181370,4,5,0,1,3,300763,180515,3,3,21,10,6,0,0,0,4,386258,109,35,0,0,0,1,0,0,1,0,0,0,0
14:46:01,25.6,0.810805,0.49,0.23,0,0,0,0,0,0,6,7,294914,6,0,4,331,116484,591,0,0,584,550,868,1301,46,1,182,31,2,13,13,3,162,20,943629,25,0,2,2,181319,181312,4,5,0,0,4,294744,178912,3,3,30,10,10,0,0,0,10,381981,138,43,1,5,5,2,0,0,2,1,2,1,2
14:46:11,25.6,0.810717,0.80,0.67,0,0,0,0,0,0,4,14,295075,8,0,4,348,115360,660,0,0,237,196,331,987,49,32,198,93,2,5,5,1,68,20,939591,13,0,2,2,181142,181126,4,4,0,8,3,294929,180244,3,3,20,10,6,0,0,0,4,370486,124,36,1,0,0,2,0,0,2,1,0,0,1
14:46:21,25.6,0.810888,0.60,0.23,7,9,6,2,0,1,2,22,292472,49,3,12,381,112622,883,0,1,637,579,3188,3301,679,104,686,155,6,49,50,28,1300,431,934450,47,5,2,4,184441,184426,8,8,5,6,14,292128,180412,8,9,95,15,32,11,6,2,39,338949,164,42,1,0,0,5,0,1,6,1,0,0,1
14:46:31,25.6,0.810797,0.60,0.23,0,0,0,0,0,0,4,18,299768,7,0,4,350,120165,726,0,0,568,521,2437,2604,447,99,477,62,2,11,11,1,923,268,969172,25,4,2,2,183061,183045,4,4,4,5,12,299418,180020,7,8,38,13,12,0,5,0,7,363265,141,41,1,0,0,7,0,0,7,1,0,0,1
14:46:41,25.6,0.81077,0.66,0.27,0,0,0,0,0,0,4,11,293278,7,0,4,342,114216,664,0,0,620,567,2516,2591,462,37,480,0,2,8,8,1,922,260,938335,19,4,1,3,182641,182625,4,4,4,6,12,292926,179405,7,8,29,16,12,0,5,0,7,354270,124,39,1,0,0,8,0,0,8,1,1,1,2
14:46:50,25.6,0.810797,0.70,5.30,0,0,0,0,0,0,4,9,300059,8,0,4,355,120370,754,0,0,550,508,2412,2607,450,68,465,62,2,5,5,1,912,250,970040,13,4,2,2,182974,182959,4,4,4,5,12,299623,179992,7,8,21,12,7,0,5,0,4,365021,125,40,1,0,0,7,0,0,7,1,0,0,1
14:47:00,25.6,0.81085,0.60,0.23,0,0,0,0,0,0,5,16,293170,7,0,4,351,114253,661,0,0,618,568,2518,2956,474,68,495,31,2,8,8,1,959,281,938798,19,4,2,3,182574,182559,4,4,4,5,12,292908,179328,7,8,29,15,11,0,5,0,7,359752,133,39,0,0,0,6,0,0,6,0,0,0,0
14:47:10,25.6,0.810864,0.54,0.27,0,0,0,0,0,0,4,10,300040,6,0,4,328,120947,622,0,0,296,273,1495,1299,322,67,204,31,2,5,5,1,696,214,968160,13,3,2,2,181480,181464,4,4,3,0,7,299639,179440,5,5,18,10,6,0,4,0,4,383401,115,39,0,0,0,1,0,0,1,0,0,0,0
14:47:20,25.6,0.810895,0.60,0.23,0,0,0,0,0,0,4,5,300673,12,0,4,318,121022,622,0,0,321,274,479,695,43,2,76,0,2,15,15,1,14,6,967259,33,0,2,3,181070,181059,4,4,0,0,3,300230,179918,3,3,59,15,21,0,0,0,10,377037,130,39,0,0,0,1,0,0,1,0,0,0,0
14:47:29,25.6,0.810861,0.92,0.23,0,0,0,0,0,0,5,2,300699,6,0,4,339,121106,659,0,0,238,214,333,484,33,1,68,0,2,5,5,1,18,6,966968,13,0,2,2,180873,180865,4,4,0,0,3,300345,180033,3,3,26,10,12,0,0,0,4,378128,119,37,0,0,0,1,0,0,1,0,0,0,0
14:47:39,25.6,0.810801,0.58,0.33,0,0,0,0,0,0,4,10,300330,11,0,4,335,120508,731,0,0,281,248,444,596,48,32,75,62,2,8,8,1,29,6,964610,19,0,2,3,181353,181343,4,4,0,0,3,299958,180330,3,3,32,14,10,0,0,0,7,382451,120,37,1,0,0,2,0,0,2,1,0,0,1
14:47:48,25.6,0.810709,0.54,0.23,0,0,0,0,0,0,6,16,295259,8,0,2,351,116487,685,0,0,239,214,350,601,48,2,68,0,1,10,10,1,49,12,942247,23,0,2,2,180087,180071,2,2,0,0,3,294835,179193,3,3,30,10,8,0,0,0,7,381444,134,40,1,0,0,1,0,0,1,1,0,0,1
14:47:58,25.6,0.810849,0.71,0.33,0,1,0,1,0,1,4,8,300750,7,0,8,318,120741,660,0,0,268,199,333,1327,50,1,338,93,4,5,5,1,69,20,967569,13,0,2,2,181338,181317,6,6,0,17,3,300574,180448,3,3,20,10,6,0,0,0,4,376096,117,43,1,1,0,2,0,0,2,1,2,2,2
14:48:08,25.6,0.810855,0.49,0.23,0,0,0,0,0,0,2,8,295919,7,0,4,340,117415,723,0,0,660,502,3062,3303,881,318,915,310,2,5,5,1,1606,683,955456,13,7,2,47,183135,183120,4,4,7,8,16,295435,178726,7,10,26,12,16,0,8,0,4,356662,125,42,1,0,0,21,0,0,21,1,0,0,1
14:48:17,25.6,0.810822,0.60,0.23,0,0,0,0,0,0,2,10,294593,8,0,4,356,118059,757,0,0,669,507,3072,3355,894,443,937,372,2,10,10,1,1604,680,954992,23,7,2,47,181280,181261,4,5,7,8,16,294134,176869,7,10,37,12,18,0,8,0,7,353191,136,41,1,0,0,21,0,0,21,1,0,0,1
14:48:27,25.6,0.810837,0.75,0.23,0,0,0,0,0,0,4,5,292322,6,0,4,372,116975,732,0,0,717,549,3160,3332,901,381,938,403,2,6,6,1,1643,688,947443,15,7,2,48,180336,180319,4,5,7,8,16,291969,175775,7,10,28,15,18,0,8,0,5,355955,131,42,1,0,0,18,0,0,18,1,0,0,1
14:48:37,25.6,0.810779,0.75,5.30,0,1,0,1,0,1,2,11,295433,13,0,8,363,116042,787,0,0,664,502,3104,3596,897,350,978,310,4,6,6,1,1667,704,951649,15,7,2,47,184441,184413,6,6,7,8,16,295304,179974,7,10,34,12,16,0,8,0,4,351896,124,42,1,1,0,21,0,0,21,1,2,2,2
14:48:46,25.6,0.810832,0.54,0.23,0,0,0,0,0,0,2,11,293504,7,0,4,360,117010,784,0,0,713,540,3163,3737,909,288,958,279,2,6,6,1,1673,700,951086,15,7,1,48,181667,181634,4,5,7,10,16,293368,177037,7,10,29,15,18,0,8,0,5,355383,126,42,0,0,0,17,0,0,17,0,0,0,0
14:48:56,25.6,0.810825,0.49,0.23,0,0,0,0,0,0,4,10,294664,7,0,4,372,115956,768,0,0,771,601,3257,3424,905,319,936,279,2,5,5,1,1629,684,949476,13,7,2,47,183814,183796,4,5,7,8,16,294286,179092,7,10,29,19,19,0,8,0,4,353811,134,42,1,0,0,22,0,0,22,1,0,0,1
14:49:06,25.6,0.810854,0.66,0.23,0,0,0,0,0,0,4,7,296039,9,0,4,354,116809,743,0,0,795,642,3359,3381,916,443,852,279,2,12,12,1,1627,688,954851,27,7,2,48,184500,184479,4,4,7,2,16,295650,179599,7,10,46,23,23,0,8,0,8,336630,142,41,1,0,0,22,0,0,22,1,0,0,1
14:49:16,25.6,0.810737,0.66,0.23,0,2,0,1,13,1,4,18,296044,6,1,8,361,118895,706,2,0,398,339,1602,1607,506,220,270,0,4,5,5,1,805,372,955549,13,3,2,13,180489,180475,6,6,3,2,9,295628,177595,4,4,28,19,19,0,3,0,4,376559,122,40,1,1,0,6,1,0,6,1,2,2,2
14:49:25,25.6,0.810792,0.54,0.23,0,0,0,0,0,0,4,4,301131,7,0,4,324,121179,577,0,0,322,289,504,708,56,1,83,0,2,6,6,1,35,6,968484,15,0,2,2,181414,181403,4,4,0,0,3,300768,180274,3,3,27,17,9,0,0,0,4,382283,119,37,1,0,0,2,0,0,2,1,0,0,1
14:49:35,25.5,0.810891,0.61,0.65,0,0,0,0,0,0,4,8,300872,8,0,4,330,120709,652,0,0,342,303,559,1021,65,2,137,62,2,10,10,1,70,21,967700,23,0,2,2,181900,181885,4,4,0,0,3,300747,180646,3,3,41,17,17,0,1,0,7,376985,132,43,1,0,0,2,0,0,2,1,0,0,1
14:49:45,25.5,0.810788,0.72,0.23,0,0,0,0,0,0,5,4,292828,7,0,2,313,113608,583,0,0,321,287,480,676,50,1,79,0,1,5,5,1,24,6,928907,13,0,2,2,180662,180653,2,2,0,0,3,292393,179513,3,3,23,17,9,0,0,0,4,377410,107,34,0,0,0,2,0,0,2,0,0,0,0
14:49:54,25.5,0.810816,0.87,5.36,0,0,0,0,0,0,4,4,301272,8,0,4,350,121303,711,0,0,319,286,499,650,54,1,83,0,2,5,5,1,28,6,968949,13,0,2,2,181550,181541,4,4,0,0,3,300868,180410,3,3,24,17,9,0,0,0,4,383462,120,39,0,0,0,2,0,0,2,0,0,0,0
14:50:04,25.5,0.810827,0.60,0.23,0,0,0,0,0,0,5,9,300851,7,0,4,349,120995,657,0,0,248,205,329,1003,46,1,170,62,2,5,5,1,143,19,968148,13,0,2,2,181247,181239,4,4,0,9,3,300696,180384,3,3,19,10,6,0,0,0,4,386342,121,41,0,0,0,1,0,0,1,0,0,0,0
14:50:14,25.5,0.810803,2.54,0.27,0,0,0,0,0,0,4,3,301019,6,0,4,334,121224,616,0,0,224,199,322,525,38,1,68,31,2,5,5,1,27,6,967661,13,0,2,2,180963,180953,4,5,0,0,3,300617,180151,3,3,18,10,6,0,0,0,4,388425,114,38,0,0,0,1,0,0,1,0,0,0,0
14:50:23,25.5,0.810812,0.75,5.30,0,0,0,0,0,0,2,14,298371,36,0,4,347,118426,850,0,0,754,715,2174,2405,1741,1526,1768,1519,2,17,17,5,857,139,963776,29,2,2,2,183824,183811,4,4,2,4,7,298019,180381,4,5,65,10,12,0,3,0,14,343830,144,38,0,0,0,3,0,0,3,0,0,0,0
14:50:33,25.5,0.810762,0.78,0.32,0,0,0,0,0,0,4,14,301282,7,0,4,326,121247,626,0,0,222,197,336,565,41,1,67,0,2,5,5,1,29,6,968446,13,0,2,2,181191,181184,4,4,0,0,3,300883,180366,3,3,19,10,6,0,0,0,4,382825,114,36,0,0,0,1,0,0,1,0,0,0,0
14:50:43,25.5,0.810769,0.48,0.23,0,0,0,0,0,0,2,13,299637,8,0,4,337,120201,759,0,0,753,712,2097,2636,1738,1523,1841,1519,2,12,12,5,885,149,965123,19,2,1,2,183437,183412,4,4,2,6,7,299488,179941,4,5,26,10,10,0,3,0,11,355775,138,39,0,0,0,3,0,0,3,0,0,0,0
14:50:52,25.5,0.810735,0.54,0.23,0,0,0,0,0,0,4,15,298342,8,0,4,341,118887,725,0,0,557,515,2430,2906,455,68,529,31,2,10,10,1,955,283,962906,23,4,2,2,183057,183036,4,4,4,5,12,298214,179992,7,8,31,11,9,0,5,0,7,366016,136,42,1,0,0,7,0,0,7,1,0,0,1
14:51:02,25.5,0.810841,0.60,0.23,0,0,0,0,0,0,4,10,298285,7,0,4,367,119770,784,0,0,1054,1019,3875,3636,2060,1588,482,62,2,8,8,3,1186,320,961945,15,4,2,2,184266,184249,4,4,4,6,14,298121,178986,7,8,22,11,9,0,6,0,7,355931,134,41,1,0,0,8,0,0,8,1,0,0,1
14:51:12,25.5,0.810806,0.91,0.49,0,0,0,0,0,0,4,10,291283,5,0,4,349,112968,603,0,0,559,514,2408,2658,450,129,465,31,2,5,5,1,910,255,929891,13,4,2,2,181749,181733,4,4,4,5,12,290891,178702,7,8,19,11,8,0,5,0,4,366820,118,41,1,5,5,5,0,0,5,1,2,1,2
14:51:21,25.5,0.810875,0.54,0.23,0,0,0,0,0,0,2,19,293922,81,0,4,373,114815,944,0,0,645,585,3253,3691,684,76,732,155,2,55,56,28,1343,442,937354,59,5,2,4,183755,183745,4,4,5,7,14,293749,179678,8,9,139,15,34,11,6,2,43,341595,174,40,1,0,0,5,0,0,5,1,0,0,1
14:51:31,25.5,0.810865,0.78,0.27,0,0,0,0,0,0,4,8,301070,7,0,2,316,121152,578,0,0,221,196,329,505,42,0,68,0,1,5,5,1,31,6,967508,13,0,1,2,181020,181011,2,2,0,0,3,300676,180198,3,3,19,10,6,0,0,0,4,383464,112,36,1,0,0,1,0,0,1,1,0,0,1
14:51:41,25.5,0.810863,0.70,5.30,0,0,0,0,0,0,4,15,299955,16,0,4,439,120853,764,0,0,852,453,667,1056,62,9,133,62,11,8,8,1,37,6,967292,19,0,2,3,182393,182384,9,4,0,5,3,299579,179598,3,3,200,15,206,0,0,0,7,370966,144,47,0,0,0,2,0,0,2,0,0,0,0
14:51:50,25.5,0.81084,0.69,0.23,0,0,0,0,0,0,4,10,301503,8,0,4,328,121315,634,0,0,226,202,336,587,43,1,84,0,2,5,5,1,29,6,969183,13,0,2,2,181339,181329,4,4,0,0,3,301084,180525,3,3,20,10,6,0,1,0,4,379793,123,38,0,0,0,1,0,0,1,0,0,0,0
14:52:00,25.5,0.810898,0.69,0.32,0,0,0,0,0,0,4,16,293024,6,0,4,330,113817,634,0,0,293,250,435,765,54,2,113,0,2,8,8,1,39,6,930233,19,0,2,3,180668,180656,4,4,0,5,3,292666,179611,3,3,27,14,10,0,0,0,7,371701,115,37,0,0,0,1,0,0,1,0,0,0,0
14:52:10,25.5,0.810806,0.81,5.30,0,0,0,0,0,0,4,1,300691,4,0,4,317,121055,545,0,0,226,201,347,555,41,0,69,0,2,10,10,1,30,6,966695,23,0,2,2,180820,180812,4,4,0,0,3,300333,179976,3,3,26,10,8,0,0,0,7,380808,125,40,0,0,0,1,0,0,1,0,0,0,0
14:52:19,25.4,0.81088,0.49,0.23,0,0,0,0,0,0,4,1,300991,7,0,4,341,121167,639,0,0,287,254,437,646,51,1,77,31,2,8,8,1,33,6,967951,19,0,2,3,181239,181231,4,4,0,0,3,300636,180212,3,3,28,14,10,0,0,0,7,378463,122,39,0,0,0,1,0,0,1,0,0,0,0
14:52:29,25.4,0.810783,0.78,0.23,0,0,0,0,0,0,4,8,301174,8,0,4,342,121235,677,0,0,221,196,330,541,42,1,68,0,2,5,5,1,35,6,968288,13,0,2,2,181150,181140,4,5,0,0,3,300829,180347,3,3,20,10,6,0,0,0,4,380033,118,37,0,0,0,1,0,0,1,0,0,0,0
14:52:38,25.4,0.810915,0.80,0.42,0,0,0,0,0,0,6,12,294911,14,0,4,340,116131,719,0,0,261,216,363,1088,51,34,208,62,2,10,10,1,67,19,941903,23,0,1,2,180180,180173,4,4,0,10,3,294778,179318,3,3,36,10,8,0,0,0,7,368928,133,41,0,0,0,1,0,0,1,0,0,0,0
14:52:48,25.4,0.810771,0.54,0.23,0,0,0,0,0,0,4,26,298346,8,0,4,331,118870,622,0,0,234,199,331,839,49,1,141,31,2,5,5,1,68,20,956298,13,0,2,2,180883,180840,4,4,0,0,3,298145,179971,3,3,20,10,6,0,0,0,4,375137,119,40,1,0,0,1,0,0,1,1,0,0,1
14:52:57,25.4,0.810731,0.60,0.23,0,0,0,0,0,0,2,14,290686,7,0,4,357,112521,752,0,0,664,502,3084,3298,884,350,914,341,2,5,5,1,1633,687,930540,13,7,2,47,182908,182891,4,4,7,8,16,290264,178505,7,10,27,12,16,0,8,0,4,351608,123,40,1,0,0,21,0,0,21,1,0,0,1
14:53:07,25.4,0.810835,0.54,0.23,0,0,0,0,0,0,4,14,295394,7,0,4,367,116676,812,0,0,716,557,3152,3339,890,444,927,403,2,11,11,1,1603,683,952753,25,7,2,48,183650,183634,4,4,7,8,16,294934,179075,7,10,39,16,20,0,9,0,8,344989,145,42,1,5,5,16,0,0,16,1,2,1,2
14:53:16,25.4,0.810912,0.72,0.27,0,0,0,0,0,0,5,21,292375,6,0,4,357,115343,768,0,0,775,603,3254,3494,901,288,931,279,2,5,5,1,1646,691,943373,13,7,2,47,182396,182368,4,4,7,8,16,292201,177618,7,10,28,19,19,0,8,0,4,358942,124,40,0,0,0,18,0,0,18,0,0,0,0
14:53:26,25.4,0.810725,0.49,0.23,0,0,0,0,0,0,4,3,300799,5,0,4,337,121105,622,0,0,363,324,571,760,62,1,88,0,2,6,6,1,38,6,967734,15,0,2,3,181413,181405,4,4,0,0,3,300436,180113,3,3,23,20,11,0,0,0,5,385254,120,41,0,0,0,1,0,0,1,0,0,0,0
14:53:36,25.4,0.810752,0.54,0.23,0,0,0,0,0,0,4,12,297060,12,0,2,351,117131,659,0,0,313,288,500,726,51,3,79,31,1,10,10,1,12,6,947941,23,0,2,2,181346,181335,2,3,0,0,3,296547,180176,3,3,37,17,11,0,0,0,7,372827,124,37,0,0,0,2,0,0,2,0,0,0,0
14:53:46,25.4,0.810825,0.69,0.23,0,0,0,0,0,0,5,3,296830,8,0,4,463,119520,672,0,0,962,573,1839,1774,459,136,281,0,26,6,6,1,723,325,960526,15,3,2,14,182450,182435,18,5,3,2,9,296316,177774,6,6,188,23,199,0,4,0,5,368391,157,53,0,0,0,3,0,0,3,0,0,0,0
14:53:55,25.4,0.811069,0.67,0.65,0,0,0,0,0,0,4,5,301365,7,0,4,339,121243,645,0,0,315,283,488,668,51,32,79,31,2,5,5,1,22,6,968834,13,0,2,2,181595,181583,4,5,0,0,3,300931,180445,3,3,22,17,9,0,0,0,4,383905,112,37,0,0,0,1,0,0,1,0,0,0,0
14:54:05,25.4,0.810787,0.60,0.23,0,0,0,0,0,0,4,6,299519,7,0,4,331,119699,646,0,0,325,292,519,752,56,1,88,0,2,10,10,1,38,6,961004,23,0,2,2,181374,181368,4,5,0,0,3,299172,180217,3,3,32,17,11,0,0,0,7,378266,124,37,0,0,0,2,0,0,2,0,0,0,0
14:54:15,25.4,0.810821,3.12,0.89,0,0,0,0,0,0,4,7,301151,7,0,4,362,121313,646,0,0,316,283,500,704,57,1,82,0,2,5,5,1,30,6,968884,13,0,2,2,181450,181440,4,5,0,0,3,300788,180276,3,3,22,17,9,0,0,0,4,383923,116,39,0,0,0,2,0,0,2,0,0,0,0
14:54:24,25.4,0.810835,0.81,5.30,0,0,0,0,0,0,5,5,300145,41,0,4,329,120773,704,0,0,235,210,417,743,47,4,113,31,2,10,10,1,118,6,965569,23,0,2,2,180627,180617,4,5,0,0,3,299848,179820,3,3,64,10,8,0,0,0,7,371284,133,37,0,0,0,1,0,0,1,0,0,0,0
14:54:34,25.4,0.810832,0.49,0.23,0,0,0,0,0,0,4,20,299623,7,0,4,343,119759,731,0,0,561,513,2415,2944,456,37,511,31,2,5,5,1,959,281,968255,13,4,2,2,183433,183419,4,5,4,8,12,299492,180380,7,8,20,11,7,0,5,0,4,367863,122,39,1,0,0,7,0,0,7,1,0,0,1
14:54:43,25.4,0.810948,0.92,0.27,0,0,0,0,0,0,2,26,294146,8,0,4,358,114844,708,0,0,1088,1036,4194,4380,2151,1590,2153,1519,2,12,12,5,1738,383,955484,19,6,2,2,185320,185304,4,5,6,8,16,293785,179649,8,10,27,11,11,0,8,0,11,352836,135,40,1,0,0,9,0,0,9,1,0,0,1
14:54:53,25.4,0.810838,0.54,0.23,0,0,0,0,0,0,4,12,300543,15,0,4,336,120708,772,0,0,560,518,2452,2685,456,68,479,93,2,10,10,1,919,262,972402,23,4,2,2,183177,183162,4,5,4,5,12,300146,180163,7,8,39,11,9,0,5,0,7,363843,141,41,1,0,0,5,0,0,5,1,0,0,1
14:55:03,25.4,0.810898,0.66,0.23,0,0,0,0,0,0,4,15,296859,6,0,4,383,118248,834,0,0,1124,1060,4236,4425,2160,1622,2177,1643,2,12,12,5,1753,393,958099,19,6,2,2,184785,184767,4,4,6,8,16,296484,179040,8,10,39,12,20,0,8,0,11,343012,141,42,1,0,0,7,0,0,7,1,0,0,1
14:55:13,25.4,0.810789,0.54,0.23,0,1,0,1,0,1,5,16,298538,5,0,8,358,119020,688,0,0,561,519,2414,2834,463,130,480,31,4,5,5,1,958,279,963511,13,4,2,2,183072,183057,6,7,4,5,12,298318,180024,7,8,18,11,7,0,5,0,4,372742,133,45,1,1,0,7,0,0,7,1,1,1,2
14:55:23,25.4,0.810865,0.49,0.23,0,0,0,0,0,0,4,24,294646,79,0,4,364,116463,931,0,0,1106,1054,4371,4560,2159,1628,2173,1519,2,19,19,5,1665,368,956655,33,6,2,2,184367,184348,4,4,6,8,16,294310,178690,8,10,112,11,14,0,8,0,15,336388,148,36,0,0,0,9,0,0,9,0,0,0,0
14:55:33,25.4,0.810926,0.78,0.23,0,0,0,0,0,0,4,7,300944,8,0,2,337,121088,579,0,0,221,196,334,511,40,1,66,0,1,5,5,1,27,6,967186,13,0,2,2,181027,181016,2,2,0,0,3,300571,180199,3,3,20,10,6,0,0,0,4,384312,113,37,0,0,0,2,0,0,2,0,0,0,0
14:55:42,25.4,0.810842,0.81,5.30,0,0,0,0,0,0,4,17,294309,11,0,4,383,115725,799,0,0,1087,1050,4113,3929,2131,1590,2089,1550,2,17,17,5,1605,373,951959,29,5,2,2,184662,184647,4,4,5,2,16,293993,179117,8,10,41,11,14,0,8,0,13,352274,142,40,0,0,0,10,0,0,10,0,0,0,0
14:55:52,25.4,0.810802,0.89,0.49,0,0,0,0,0,0,4,9,292788,11,0,4,453,114230,665,0,0,726,386,519,738,54,9,77,0,11,5,5,1,39,6,931949,13,0,2,2,181842,181831,9,4,0,0,3,292446,179073,4,4,166,11,182,0,2,0,4,359172,136,47,0,0,0,1,0,0,1,0,0,0,0
14:56:02,25.4,0.810792,0.54,0.23,0,0,0,0,0,0,4,3,301286,6,0,4,323,121251,572,0,0,221,196,334,528,42,32,65,31,2,5,5,1,31,6,968290,13,0,2,2,181210,181200,4,4,0,0,3,300931,180386,3,3,18,10,6,0,0,0,4,385523,114,39,0,0,0,2,0,0,2,0,0,0,0
14:56:12,25.4,0.810809,0.77,0.49,0,0,0,0,0,0,5,11,296369,7,0,4,347,116885,666,0,0,233,207,334,550,35,1,67,0,2,10,10,1,18,6,945350,23,0,2,2,180648,180637,4,4,0,0,3,295887,179809,3,3,30,10,8,0,0,0,7,377108,122,37,0,0,0,1,0,0,1,0,0,0,0
14:56:21,25.4,0.81078,0.60,0.23,0,0,0,0,0,0,4,13,296762,44,0,4,334,116894,647,0,0,224,199,402,554,46,4,70,0,2,5,5,1,38,6,946593,13,0,2,2,181016,181005,4,4,0,0,3,296366,180199,3,3,56,10,6,0,0,0,4,372075,116,38,0,0,0,1,0,0,1,0,0,0,0
14:56:31,25.4,0.810913,0.78,0.23,0,0,0,0,0,0,4,5,300795,6,0,4,342,121078,607,0,0,221,196,327,567,46,1,66,0,2,5,5,1,48,12,967535,13,0,2,2,181072,181065,4,4,0,0,3,300641,180218,3,3,18,10,6,0,0,0,4,388279,113,38,0,0,0,1,0,0,1,0,0,0,0
14:56:41,25.4,0.810849,0.60,0.23,0,0,0,0,0,0,4,6,301480,16,0,4,348,121369,718,0,0,287,254,473,594,51,2,78,0,2,13,13,1,34,6,969919,29,0,2,3,181536,181527,4,5,0,0,3,301117,180494,3,3,46,14,12,0,0,0,10,369812,138,39,0,0,0,2,0,0,2,0,0,0,0
14:56:50,25.4,0.81083,0.54,0.23,0,0,0,0,0,0,4,3,301039,6,0,4,346,121246,656,0,0,224,199,326,556,42,1,80,31,2,5,5,1,41,6,967979,13,0,2,2,181103,181093,4,5,0,0,3,300697,180281,3,3,18,10,6,0,0,0,4,390615,113,38,0,0,0,1,0,0,1,0,0,0,0
14:57:00,25.4,0.810892,0.54,0.23,0,1,0,1,0,1,4,3,301145,7,0,8,318,121147,605,0,0,286,253,431,617,46,1,74,0,4,8,8,1,25,6,968209,19,0,2,3,181338,181330,6,6,0,0,3,300740,180298,3,3,28,14,10,0,0,0,7,379434,124,42,1,3,6,1,0,0,1,1,1,0,2
14:57:09,25.4,0.810883,0.54,0.23,0,0,0,0,0,0,4,7,300943,8,0,4,311,120848,599,0,0,231,205,354,546,43,1,68,0,2,11,11,2,40,10,966717,23,0,2,2,181269,181246,4,4,0,0,3,300568,180409,3,3,29,10,8,0,0,0,7,380631,125,42,1,0,0,1,0,0,1,1,0,0,1
14:57:19,25.4,0.810907,0.87,0.37,0,0,0,0,0,0,4,3,301301,8,0,4,308,121225,600,0,0,224,199,332,536,42,32,69,62,2,5,5,1,37,6,968502,13,0,2,2,181197,181187,4,4,0,0,3,300946,180388,3,3,20,11,6,0,0,0,4,379293,120,38,1,0,0,1,0,0,1,1,0,0,1
14:57:29,25.4,0.810836,1.13,5.39,0,0,0,0,0,0,4,5,298963,7,0,4,320,119132,662,0,0,240,208,359,819,48,32,123,31,2,5,5,1,68,19,958382,13,0,2,2,181210,181189,4,4,0,0,3,298776,180303,3,3,27,10,12,0,0,0,4,378342,119,38,0,0,0,1,0,0,1,0,0,0,0
14:57:38,25.4,0.81083,0.58,0.33,0,0,0,0,0,0,6,13,299401,16,0,4,357,120626,730,0,0,235,208,346,678,43,1,108,0,2,5,5,1,38,6,963193,13,0,2,2,180090,180076,4,4,0,0,3,299066,179288,3,3,28,10,6,0,0,0,4,371215,123,40,0,0,0,1,0,0,1,0,0,0,0
14:57:48,25.4,0.81083,0.54,0.23,0,0,0,0,0,0,4,9,295519,8,0,4,350,116702,667,0,0,599,459,2005,2524,555,223,758,279,2,6,6,1,968,423,949358,15,4,2,36,181902,181891,4,5,4,7,11,295302,179266,6,9,22,10,6,0,5,0,4,363120,123,40,0,0,0,18,0,0,18,0,0,0,0
14:57:57,25.4,0.810761,0.81,5.30,0,0,0,0,0,0,4,13,291896,7,0,4,512,117043,904,0,0,1302,754,3331,3549,897,419,923,310,65,10,10,1,1632,684,947802,23,7,3,47,182160,182142,41,5,7,8,16,291526,175623,10,13,226,13,228,0,9,0,7,335428,228,72,0,0,0,24,0,0,24,0,0,0,0
14:58:07,25.4,0.81093,0.63,0.32,0,0,0,0,0,0,4,16,293880,7,0,4,366,116389,778,0,0,720,552,3164,3351,891,288,931,372,2,6,6,1,1634,691,948900,15,7,2,48,182453,182434,4,4,7,8,16,293518,177899,7,10,29,16,18,0,8,0,5,355515,130,43,0,0,0,23,0,0,23,0,0,0,0
14:58:16,25.4,0.810896,0.70,0.41,0,0,0,0,0,0,4,18,294093,7,0,4,367,116887,782,0,0,782,605,3276,3482,910,412,935,341,2,6,6,1,1629,683,951330,15,7,2,47,182456,182438,4,4,7,8,16,293723,177651,7,10,33,19,21,0,8,0,4,352652,125,37,0,0,0,24,0,0,24,0,0,0,0
14:58:26,25.4,0.810789,0.75,5.30,0,0,0,0,0,0,4,21,292448,7,0,4,383,116987,792,0,0,817,641,3352,3592,912,350,938,341,2,11,11,1,1638,684,948569,25,7,2,48,180862,180847,4,5,7,8,16,292083,175959,7,10,42,22,23,0,8,0,8,360038,134,40,0,0,0,21,0,0,21,0,0,0,0
14:58:35,25.4,0.81075,0.67,0.71,0,0,0,0,0,0,4,12,298195,13,0,4,339,118595,664,0,0,651,601,2599,2809,477,130,477,93,2,5,5,1,923,250,961522,13,4,2,2,183304,183289,4,5,4,5,12,297858,179972,7,8,29,18,10,0,5,0,4,369318,127,38,1,0,0,8,0,0,8,1,0,0,1
14:58:44,25.4,0.810803,0.72,0.23,0,0,0,0,0,0,6,16,298034,10,0,4,352,119601,708,0,0,665,615,2605,2793,465,37,488,31,2,6,6,1,997,266,964424,15,4,2,2,182117,182102,4,5,4,5,12,297661,178803,7,8,28,18,10,0,5,0,4,366031,132,42,1,0,0,8,0,0,8,1,1,1,2
14:58:54,25.4,0.810831,0.75,5.30,0,0,0,0,0,0,4,13,300012,12,0,2,347,120805,759,0,0,569,522,2459,2655,446,7,474,93,1,10,10,1,918,272,971363,23,4,2,2,182643,182628,2,3,4,5,12,299619,179579,7,8,42,12,12,0,5,0,7,364999,130,37,0,0,0,7,0,0,7,0,0,0,0
14:59:04,25.4,0.810931,0.54,0.23,0,0,0,0,0,0,4,18,294024,7,0,4,348,115432,719,0,0,774,739,2117,2312,1734,1523,1762,1457,2,12,12,5,854,135,949838,19,2,2,2,182458,182446,4,5,2,3,7,293641,178966,4,5,25,10,10,0,3,0,11,360298,134,38,0,0,0,5,0,0,5,0,0,0,0
14:59:13,25.4,0.810854,2.48,0.27,0,0,0,0,0,0,4,8,301328,8,0,4,341,121269,626,0,0,224,199,330,501,42,1,68,0,2,5,5,1,32,6,968574,13,0,2,2,181256,181246,4,4,0,0,3,300986,180451,3,3,20,10,6,0,0,0,4,376506,119,37,0,0,0,2,0,0,2,0,0,0,0
14:59:22,25.4,0.810716,0.75,5.30,0,0,0,0,0,0,5,25,296741,74,0,4,390,117934,842,0,0,780,745,2257,2666,1753,1591,1778,1643,2,17,17,5,811,148,953929,29,2,2,2,182865,182852,4,4,2,3,7,296486,179337,4,5,102,10,12,0,3,0,14,352246,150,43,0,0,0,3,0,0,3,0,0,0,0
14:59:32,25.4,0.81084,1.01,0.49,0,0,0,0,0,0,6,5,299692,7,0,4,343,120633,657,0,0,247,217,344,533,41,1,68,0,2,5,5,1,32,6,963375,13,0,2,2,180383,180373,4,5,0,0,3,299302,179514,3,3,25,11,9,0,0,0,4,383558,120,39,0,0,0,3,0,0,3,0,0,0,0
14:59:42,25.4,0.810941,0.60,0.23,0,0,0,0,0,0,4,5,300935,12,0,2,312,121089,546,0,0,223,196,329,554,38,1,72,31,1,5,5,1,28,6,967297,13,0,1,2,180924,180917,2,2,0,0,3,300554,180110,3,3,22,10,6,0,0,0,4,377442,117,37,0,0,0,2,0,0,2,0,0,0,0
14:59:51,25.4,0.810895,0.49,0.23,0,1,0,1,0,1,4,4,300960,7,0,8,325,121104,621,0,0,221,204,327,550,34,1,68,0,4,10,10,1,12,6,967234,23,0,2,2,180952,180943,6,6,0,0,3,300474,180107,3,3,29,10,8,0,0,0,7,383097,121,37,3,6,5,1,0,0,1,1,3,2,3
15:00:01,25.4,0.810909,0.54,0.23,0,1,0,1,0,1,4,11,297987,8,0,8,461,119075,793,0,0,423,364,547,998,60,2,85,0,191,8,8,1,66,19,957363,19,0,6,3,181105,181094,125,6,0,0,3,297856,180136,4,4,126,14,24,0,1,0,7,371844,343,127,3,6,5,0,0,0,0,1,3,2,2
15:00:11,25.4,0.81079,0.63,0.23,0,0,0,0,0,0,4,6,300987,7,0,4,343,121367,661,0,0,229,203,337,543,40,31,66,31,2,5,5,1,31,6,968304,13,0,2,2,180873,180862,4,5,0,0,3,300607,179993,3,3,20,11,7,0,0,0,4,379482,115,36,0,0,0,1,0,0,1,0,0,0,0
15:00:21,25.4,0.810875,0.60,0.23,0,0,0,0,0,0,4,7,298488,45,0,4,326,118406,764,0,0,291,258,532,748,60,35,81,31,2,13,13,1,47,10,955693,29,0,2,3,181719,181708,4,5,0,0,3,298318,180643,3,3,76,14,12,0,0,0,10,371418,136,38,1,0,0,1,0,0,1,1,0,0,1
15:00:30,25.4,0.810821,1.00,0.30,0,0,0,0,0,0,4,2,301253,6,0,4,337,121180,585,0,0,221,196,326,535,41,1,68,0,2,5,5,1,28,6,968049,13,0,1,2,181233,181221,4,5,0,0,3,300855,180417,3,3,18,10,6,0,0,0,4,387931,119,39,1,0,0,1,0,0,1,1,0,0,1
15:00:39,25.4,0.81103,0.60,0.23,0,1,0,1,0,1,4,12,300557,6,0,8,337,120477,624,0,0,286,253,439,881,56,1,88,0,4,8,8,1,64,27,965904,19,0,2,3,181617,181608,6,7,0,0,3,300388,180548,3,3,27,14,10,0,0,0,7,379321,124,42,1,1,0,1,0,0,1,1,2,2,2
15:00:49,25.4,0.810874,0.60,0.23,0,0,0,0,0,0,4,5,300721,7,0,4,333,121064,633,0,0,229,204,348,571,42,1,84,31,2,10,10,1,33,6,966815,23,0,2,2,180793,180783,4,5,0,0,3,300308,179966,3,3,29,10,8,0,0,0,7,377569,126,39,1,0,0,2,0,0,2,1,0,0,1
15:00:59,25.4,0.810803,0.70,0.33,0,0,0,0,0,0,6,8,299372,7,0,2,342,120537,659,0,0,248,211,331,730,42,1,144,31,1,5,5,1,35,6,962936,13,0,2,2,180076,180064,2,3,0,6,3,299023,179275,3,3,19,12,6,0,0,0,4,382553,123,40,1,0,0,1,0,0,1,1,0,0,1
15:01:08,25.4,0.810825,0.70,5.30,0,0,0,0,0,0,6,9,299356,10,0,4,340,120272,614,0,0,252,220,371,749,49,1,122,0,2,5,5,1,68,19,962593,13,0,2,2,180394,180365,4,5,0,0,3,299177,179483,3,3,30,10,12,0,0,0,4,368378,133,41,1,0,0,1,0,0,1,1,0,0,1
15:01:18,25.4,0.810993,1.30,4.22,0,1,0,1,0,1,3,16,300307,8,0,8,346,120107,670,0,0,247,194,334,1071,49,32,153,124,4,5,5,1,68,21,963847,13,0,2,2,181663,181651,6,7,0,3,3,300143,180749,3,3,20,10,6,0,0,0,4,379065,112,40,1,1,0,1,0,0,1,1,2,2,2
15:01:28,25.4,0.810895,0.90,0.23,0,0,0,0,0,0,6,15,284583,8,0,4,356,109045,751,0,0,732,564,3164,3605,895,411,913,341,2,6,6,1,1662,695,909047,15,7,2,48,180657,180640,4,5,7,8,16,284392,176048,7,10,30,15,18,0,8,0,5,349786,138,41,1,0,0,22,0,0,22,1,0,0,1
15:01:37,25.4,0.810867,0.49,0.23,0,0,0,0,0,0,2,12,297021,16,0,4,345,117716,826,0,0,668,506,3121,3333,894,413,920,372,2,10,10,1,1630,684,959397,23,7,2,47,184146,184132,4,5,7,8,16,296698,179740,7,10,43,14,18,0,8,0,7,346749,142,39,1,0,0,21,0,0,21,1,0,0,1
15:01:47,25.4,0.81087,0.54,0.23,0,0,0,0,0,0,4,22,290200,12,0,4,367,111802,810,0,0,720,550,3170,3418,893,350,930,341,2,6,6,1,1636,683,927969,15,7,2,48,183470,183453,4,5,7,9,16,289845,178887,7,10,30,19,18,0,8,0,5,347644,136,42,1,0,0,21,0,0,21,1,0,0,1
15:01:56,25.4,0.810936,0.54,0.23,0,2,0,2,3,1,3,25,293002,8,0,12,360,114511,844,2,0,1117,918,5391,5758,1330,417,1349,403,6,6,6,1,2553,951,949303,15,11,2,47,185943,185924,6,7,11,13,25,292775,178929,11,15,44,21,26,0,13,0,4,338515,139,45,1,1,0,26,0,0,26,1,2,2,2
15:02:06,25.4,0.810876,0.54,0.23,0,0,0,0,0,0,4,24,293979,7,0,4,390,115862,936,0,0,1148,955,5433,5612,1325,448,1351,465,2,11,11,1,2511,941,954834,25,11,2,48,185683,185660,4,4,11,13,25,293622,178601,11,15,43,24,24,0,13,0,8,335345,144,42,0,0,0,26,0,0,26,0,0,0,0
15:02:15,25.4,0.810833,2.78,0.71,0,0,0,0,0,0,5,10,299704,7,0,4,330,120227,737,0,0,672,615,2607,3003,468,36,497,93,2,5,5,1,951,280,969943,13,4,2,2,183371,183356,4,4,4,5,12,299487,179915,7,8,25,18,12,0,5,0,4,365351,128,42,1,0,0,8,0,0,8,1,0,0,1
15:02:25,25.4,0.810927,0.49,0.23,0,0,0,0,0,0,4,6,300229,9,0,4,344,120831,646,0,0,399,369,1700,1463,339,67,207,31,2,8,8,1,780,196,968862,19,3,2,2,182191,182180,4,4,3,0,7,299820,179774,5,5,30,17,10,0,4,0,6,376806,117,37,1,0,0,1,0,0,1,1,0,0,1
15:02:34,25.4,0.810839,0.60,0.23,0,0,0,0,0,0,4,6,300886,7,0,4,326,121299,616,0,0,237,211,364,573,41,1,69,0,2,14,14,1,27,6,967987,31,0,1,2,180737,180730,4,4,0,0,3,300482,179897,3,3,40,14,11,0,0,0,7,382252,129,40,1,0,0,1,0,0,1,1,1,1,2
15:02:44,25.4,0.810837,0.78,0.23,0,0,0,0,0,0,2,10,300286,6,0,4,361,120586,739,0,0,757,722,2101,2335,1746,1523,1771,1488,2,12,12,5,850,137,965808,19,2,2,2,183609,183595,4,4,2,3,7,299923,180119,4,5,24,10,10,0,3,0,11,362655,121,41,0,0,0,3,0,0,3,0,0,0,0
15:02:54,25.4,0.810883,0.54,0.23,0,0,0,0,0,0,4,4,301217,12,0,4,327,121345,620,0,0,224,197,340,516,41,1,68,0,2,6,6,1,27,6,968557,15,0,2,2,181068,181061,4,4,0,0,3,300844,180265,3,3,27,10,6,0,0,0,4,380546,121,36,0,0,0,1,0,0,1,0,0,0,0
15:03:04,25.4,0.810891,0.54,0.23,0,0,0,0,0,0,2,12,300187,7,0,4,369,119966,790,0,0,759,724,2131,2283,1734,1523,1762,1426,2,17,17,5,852,134,966281,29,2,2,2,184121,184107,4,4,2,3,7,299757,180599,4,5,35,10,12,0,3,0,14,354701,140,39,0,0,0,4,0,0,4,0,0,0,0
15:03:14,25.4,0.810885,2.71,0.27,0,0,0,0,0,0,4,10,299921,8,0,4,425,120853,632,0,0,684,379,514,736,48,9,75,0,11,5,5,1,26,6,966213,13,0,2,2,181876,181866,9,4,0,0,3,299536,179540,4,4,161,11,178,0,1,0,4,375656,139,47,0,0,0,3,0,0,3,0,0,0,0
15:03:24,25.4,0.810931,0.81,5.30,0,0,0,0,0,0,2,15,300382,79,0,4,359,120416,907,0,0,772,732,2275,2752,1751,1559,1833,1488,2,17,17,5,888,149,967710,29,2,2,2,184164,184136,4,5,2,3,7,300214,180564,4,5,114,11,15,0,3,0,14,355031,150,41,0,0,0,3,0,0,3,0,0,0,0
15:03:33,25.4,0.810911,0.78,0.23,0,0,0,0,0,0,4,11,300813,6,0,4,332,120883,609,0,0,222,197,334,883,49,1,123,0,2,5,5,1,68,20,967242,13,1,2,2,181345,181312,4,5,0,0,3,300633,180399,3,3,18,10,6,0,0,0,4,382361,116,35,0,0,0,2,0,0,2,0,0,0,0
15:03:43,25.4,0.810903,0.49,0.23,0,0,0,0,0,0,2,5,301002,7,0,2,368,121067,762,0,0,764,715,2097,2851,1930,1678,2044,1736,1,12,12,5,892,328,970246,19,3,1,2,184030,184022,2,3,2,3,7,300767,180439,4,5,25,10,10,0,3,0,11,362898,125,39,0,0,0,3,0,0,3,0,0,0,0
15:03:53,25.4,0.810877,0.43,0.23,0,0,0,0,0,0,4,3,301631,8,0,4,336,121391,677,0,0,229,204,351,500,41,1,68,0,2,10,10,1,27,6,969519,23,0,2,2,181517,181507,4,5,0,0,3,301275,180689,3,3,31,10,8,0,0,0,7,385868,122,37,0,0,0,1,0,0,1,0,0,0,0
15:04:03,25.4,0.810916,0.60,0.23,0,0,0,0,0,0,2,13,299859,7,0,2,355,119897,782,0,0,753,718,2105,2248,1917,1709,1930,1829,1,12,12,5,853,303,965244,19,2,1,2,183847,183832,2,3,2,3,7,299507,180382,4,5,25,10,10,0,3,0,11,351876,130,39,0,0,0,4,0,0,4,0,0,0,0
15:04:12,25.4,0.81089,1.04,5.56,0,0,0,0,0,0,4,8,301144,5,0,4,417,121533,641,0,0,316,264,384,519,44,0,72,0,107,5,5,1,29,6,969199,13,0,4,2,181134,181124,69,5,0,0,3,300732,180325,4,4,75,10,20,0,0,0,4,382923,234,85,1,0,0,1,0,0,1,1,0,0,1
15:04:22,25.4,0.810904,0.60,0.23,0,2,0,2,5,1,4,2,301120,78,0,12,337,121139,754,2,0,730,708,1364,1225,233,162,73,0,6,8,8,3,152,7,970392,15,0,2,2,183423,183415,6,6,0,0,5,300716,180387,3,3,92,10,8,0,0,0,7,375923,131,42,1,1,0,2,0,0,2,1,2,2,2
15:04:32,25.4,0.81092,0.81,0.66,0,0,0,0,0,0,4,5,301488,7,0,4,318,121339,581,0,0,223,196,337,538,41,1,69,31,2,5,5,1,38,10,969129,13,0,2,2,181274,181264,4,4,0,1,3,301117,180442,3,3,19,10,6,0,0,0,4,383460,118,36,0,0,0,2,0,0,2,0,0,0,0
15:04:42,25.4,0.810782,0.49,0.23,0,0,0,0,0,0,4,6,297479,9,0,4,323,117533,652,0,0,232,206,358,519,42,1,68,0,2,10,10,1,35,6,949862,23,0,2,2,181166,181156,4,4,0,0,3,297110,180287,3,3,32,10,9,0,0,0,7,377183,134,40,1,0,0,1,0,0,1,1,0,0,1
15:04:52,25.4,0.810782,0.60,0.23,0,0,0,0,0,0,4,5,301278,20,0,4,310,120862,647,0,0,225,200,356,804,49,1,80,31,2,6,6,1,66,19,968190,15,0,2,2,181673,181666,4,4,0,0,3,301092,180818,3,3,34,10,6,0,0,0,4,369010,129,38,1,0,0,0,0,0,0,1,0,0,1
15:05:01,25.4,0.810936,0.60,0.23,0,1,0,1,0,1,4,9,301064,6,0,8,337,121203,696,0,0,290,253,438,811,50,1,146,62,4,8,8,1,35,7,968701,24,0,2,3,181300,181289,6,6,0,2,3,300705,180285,3,3,27,14,10,0,0,0,7,382572,126,42,1,1,0,1,0,0,1,1,2,2,2
15:05:11,25.4,0.810763,0.60,0.23,0,0,0,0,0,0,4,10,300669,6,0,4,334,120668,657,0,0,233,204,347,830,46,1,126,62,2,10,10,1,68,20,966367,23,0,2,2,181472,181449,4,4,0,2,3,300544,180558,3,3,28,10,8,0,0,0,7,383317,124,37,0,0,0,1,0,0,1,0,0,0,0
15:05:20,25.4,0.810861,0.54,0.23,0,0,0,0,0,0,6,9,299089,7,0,4,341,120455,678,0,0,313,273,469,575,50,1,76,0,2,8,8,1,36,6,962110,19,0,2,3,180138,180131,4,4,0,0,3,298740,179099,3,3,38,14,16,0,0,0,7,377604,128,41,1,0,0,2,0,0,2,1,0,0,1
15:05:30,25.4,0.810791,0.72,0.23,0,0,0,0,0,0,4,6,301687,7,0,4,337,121417,634,0,0,225,200,328,540,42,1,68,0,2,5,5,1,27,6,969738,13,0,2,2,181450,181441,4,4,0,0,3,301285,180634,3,3,19,10,6,0,0,0,4,382792,120,38,1,0,0,1,0,0,1,1,0,0,1
15:05:39,25.4,0.810973,0.49,0.23,0,1,0,1,0,1,4,4,301286,15,0,6,330,121255,660,0,0,229,204,368,490,41,2,66,0,3,10,10,1,30,6,968661,23,0,2,2,181267,181256,4,4,0,0,3,300929,180435,3,3,37,10,8,0,0,0,7,374239,127,39,1,1,0,1,0,0,1,1,2,2,2
15:05:49,25.4,0.810885,0.54,0.23,0,0,0,0,0,0,4,13,300646,8,0,4,343,120762,673,0,0,234,197,330,890,46,1,152,31,2,5,5,1,69,20,966698,13,0,2,2,181310,181283,4,4,0,6,3,300480,180429,3,3,20,10,6,0,0,0,4,383817,116,34,0,0,0,1,0,0,1,0,0,0,0
15:05:58,25.4,0.810798,0.71,0.33,0,0,0,0,0,0,5,8,300918,7,0,4,337,121091,645,0,0,244,205,330,801,49,32,166,62,2,5,5,1,40,6,967710,13,0,2,2,181010,180996,4,4,0,7,3,300543,180203,3,3,20,10,6,0,0,0,4,382865,125,41,0,0,0,1,0,0,1,0,0,0,0
15:06:08,25.4,0.810874,0.49,0.23,0,0,0,0,0,0,4,7,301381,6,0,4,313,120951,627,0,0,247,204,328,755,34,1,152,62,2,10,10,1,14,6,967978,23,0,2,2,181405,181394,4,4,0,6,3,300885,180566,3,3,28,10,8,0,0,0,7,370183,129,39,1,0,0,2,0,0,2,1,0,0,1
15:06:18,25.4,0.810901,0.75,0.45,0,0,0,0,0,0,2,31,295141,10,0,4,375,116152,882,0,0,992,813,5189,5315,1305,479,1324,527,2,5,5,1,2513,945,956345,13,11,2,47,186017,185994,4,4,11,13,25,294727,179424,11,15,30,14,17,0,13,0,4,348107,130,41,1,0,0,26,0,0,26,1,1,1,2
15:06:27,25.4,0.810903,1.21,5.76,0,0,0,0,0,0,0,47,284365,16,0,4,374,107252,940,0,0,1141,939,6005,6628,1545,451,1595,403,2,50,51,28,2937,1114,913652,49,13,2,50,185557,185542,4,5,13,14,27,284159,177648,12,16,72,20,43,11,14,2,40,326046,158,39,1,0,0,26,0,0,26,1,0,0,1
15:06:37,25.4,0.810825,0.57,0.31,0,0,0,0,0,0,2,23,294395,16,0,4,364,117604,900,0,0,1018,825,5226,5655,1317,355,1342,341,2,5,5,1,2559,957,960760,13,11,2,47,183984,183963,4,5,11,14,25,294290,177307,11,15,50,14,26,0,13,0,4,333754,142,42,1,0,0,25,0,0,25,1,0,0,1
15:06:47,25.4,0.810733,0.60,0.27,0,0,0,0,0,0,4,27,289522,8,0,4,380,112112,888,0,0,1044,859,5253,5465,1299,417,1334,341,2,6,6,1,2512,938,933393,15,11,2,48,184570,184545,4,5,11,13,25,289128,177842,11,15,31,16,19,0,13,0,5,336691,135,41,0,0,0,27,0,0,27,0,0,0,0